RecordID,EmployeeID,Date,HoursWorked,Project,Task,Location,Billable,Rate,Cost
1,147,6/28/2024,6,ClientA,class,Hybrid,Yes,30,180
2,331,1/7/2025,7,ClientA,final,Hybrid,Yes,60,420
3,591,12/21/2023,7,ProjectX,tend,Hybrid,No,45,315
4,237,11/24/2024,8,CLIENT A,number,Hybrid,Yes,60,480
5,800,7/25/2025,9,Research,property,Remote,Yes,45,405
6,981,9/12/2025,9,Internal,sit,Onsite,No,60,540
7,608,10/20/2025,10,ProjectX,else,Hybrid,Yes,75,750
8,963,12/8/2023,10,Internal,employee,Hybrid,Yes,30,300
9,34,10/21/2025,10,Internal,nothing,Remote,Yes,45,450
10,81,3/22/2025,9,Internal,PM,Onsite,No,60,540
11,548,6/25/2025,7,Internal,develop,Hybrid,No,45,315
12,149,2/5/2024,9,Internal,support,Remote,Yes,60,540
13,859,4/6/2024,8,clienta,single,Remote,Yes,75,600
14,671,8/20/2024,6,Internal,product,Hybrid,No,60,360
15,71,2/15/2025,10,ClientA,production,Onsite,No,30,300
16,849,1/6/2024,8,CLIENT A,let,Onsite,No,45,360
17,121,4/12/2025,7,Internal,medical,Hybrid,No,45,315
18,658,10/22/2025,8,Research,sell,Remote,No,60,480
19,74,4/23/2025,9,Research,less,Onsite,No,30,270
20,373,11/15/2023,9,ClientA,how,Onsite,No,45,405
21,316,8/8/2025,6,ProjectX,color,Remote,No,75,450
22,352,10/31/2024,6,Internal,letter,Hybrid,Yes,60,360
23,107,8/16/2025,6,Research,care,Hybrid,No,30,180
24,791,5/12/2024,9,Research,growth,Hybrid,Yes,30,270
25,742,1/22/2024,6,Research,perform,Remote,No,75,450
26,252,3/11/2025,9,clienta,when,Onsite,No,75,675
27,622,10/21/2025,8,clienta,street,Remote,No,75,600
28,667,9/16/2025,8,Internal,level,Onsite,No,45,360
29,185,3/26/2024,10,ProjectX,month,Onsite,Yes,30,300
30,180,10/24/2024,7,Internal,concern,Hybrid,No,45,315
31,587,11/3/2024,8,clienta,capital,Onsite,Yes,45,360
32,663,5/18/2024,10,ProjectX,past,Hybrid,No,30,300
33,347,12/2/2023,9,clienta,accept,Remote,Yes,30,270
34,811,7/8/2025,7,Research,protect,Remote,No,30,210
35,560,11/17/2023,6,ClientA,bag,Hybrid,No,75,450
36,415,4/27/2025,10,Research,discussion,Remote,No,75,750
37,252,11/8/2024,8,ClientA,factor,Onsite,Yes,45,360
38,493,1/11/2025,10,CLIENT A,find,Hybrid,Yes,30,300
39,981,6/7/2025,6,Internal,enter,Remote,No,30,180
40,712,7/27/2024,9,Internal,believe,Onsite,Yes,45,405
41,852,7/30/2024,10,CLIENT A,choose,Onsite,No,75,750
42,875,10/1/2025,7,Research,third,Onsite,Yes,45,315
43,258,8/25/2025,7,ProjectX,eat,Onsite,No,75,525
44,216,12/8/2023,9,Internal,mouth,Remote,Yes,75,675
45,640,10/31/2024,8,clienta,party,Hybrid,No,75,600
46,58,4/29/2025,6,ProjectX,collection,Hybrid,No,45,270
47,171,1/23/2025,8,Internal,write,Onsite,Yes,60,480
48,370,10/5/2025,6,ClientA,wear,Onsite,Yes,60,360
49,374,1/8/2025,8,CLIENT A,week,Remote,Yes,60,480
50,851,11/11/2024,9,Internal,example,Onsite,No,60,540
51,380,5/27/2025,7,clienta,music,Hybrid,Yes,30,210
52,632,7/27/2024,10,Research,human,Onsite,Yes,45,450
53,331,4/21/2024,7,ProjectX,white,Onsite,No,30,210
54,122,6/18/2025,6,Internal,produce,Remote,No,60,360
55,69,4/26/2025,7,ProjectX,suggest,Remote,Yes,60,420
56,169,7/27/2025,8,Research,feel,Remote,No,60,480
57,746,9/16/2024,8,Internal,area,Hybrid,Yes,75,600
58,215,3/16/2025,6,CLIENT A,stuff,Onsite,No,45,270
59,94,4/28/2025,6,ProjectX,us,Remote,No,30,180
60,372,7/21/2025,7,ClientA,the,Hybrid,Yes,60,420
61,585,8/21/2025,6,Research,spend,Remote,No,45,270
62,792,11/22/2024,6,ProjectX,enjoy,Onsite,No,60,360
63,45,10/14/2024,7,CLIENT A,green,Hybrid,No,45,315
64,457,6/20/2025,10,Research,official,Onsite,No,45,450
65,113,5/22/2024,10,Research,or,Remote,No,45,450
66,132,5/15/2024,7,ClientA,bank,Onsite,No,45,315
67,997,11/16/2024,9,Internal,election,Hybrid,No,75,675
68,460,10/18/2024,6,CLIENT A,last,Onsite,No,30,180
69,993,3/18/2024,10,Internal,whether,Remote,No,60,600
70,477,9/19/2024,6,clienta,sign,Onsite,No,75,450
71,188,10/18/2024,10,ProjectX,choice,Remote,Yes,60,600
72,309,2/3/2025,7,CLIENT A,future,Remote,No,75,525
73,305,5/12/2025,8,Research,picture,Hybrid,No,60,480
74,730,6/9/2025,7,Research,whom,Hybrid,Yes,30,210
75,37,11/17/2024,9,ProjectX,audience,Onsite,No,45,405
76,961,6/30/2025,6,Internal,article,Onsite,No,75,450
77,563,12/26/2023,10,Internal,school,Hybrid,No,60,600
78,241,12/18/2024,8,CLIENT A,popular,Hybrid,Yes,30,240
79,84,3/15/2024,10,ProjectX,listen,Hybrid,Yes,60,600
80,245,12/18/2023,7,ClientA,she,Remote,Yes,45,315
81,98,6/14/2024,7,Internal,finish,Onsite,Yes,30,210
82,159,10/4/2025,9,CLIENT A,floor,Hybrid,Yes,30,270
83,469,7/22/2025,8,clienta,around,Remote,Yes,30,240
84,489,4/3/2024,6,Research,sport,Hybrid,No,60,360
85,191,6/2/2024,8,ClientA,grow,Onsite,Yes,45,360
86,601,4/10/2025,9,CLIENT A,hope,Remote,No,45,405
87,602,12/8/2023,7,Internal,focus,Remote,No,45,315
88,702,10/5/2024,7,clienta,part,Onsite,No,30,210
89,387,7/14/2025,7,clienta,investment,Hybrid,No,60,420
90,635,4/27/2025,6,Internal,market,Hybrid,Yes,45,270
91,973,2/17/2025,10,ProjectX,expert,Hybrid,Yes,30,300
92,634,6/9/2024,6,ProjectX,adult,Hybrid,No,75,450
93,208,10/19/2025,9,Research,test,Onsite,No,60,540
94,526,11/21/2023,7,clienta,human,Remote,Yes,45,315
95,253,3/14/2024,6,Research,sound,Onsite,No,45,270
96,465,10/28/2024,6,ProjectX,year,Remote,No,30,180
97,334,10/26/2025,9,ClientA,much,Onsite,Yes,60,540
98,790,6/10/2025,9,clienta,here,Hybrid,No,30,270
99,809,10/28/2024,7,ClientA,citizen,Remote,No,60,420
100,869,12/10/2023,7,clienta,water,Hybrid,No,75,525
101,1000,7/27/2024,7,Research,contain,Hybrid,No,30,210
102,982,11/3/2024,9,clienta,against,Hybrid,No,60,540
103,631,11/11/2024,10,clienta,trip,Remote,No,45,450
104,156,10/20/2024,9,ClientA,walk,Hybrid,Yes,45,405
105,69,3/10/2025,6,ProjectX,often,Remote,No,45,270
106,374,5/14/2025,9,ClientA,summer,Hybrid,Yes,75,675
107,515,7/1/2024,7,Internal,reach,Remote,Yes,30,210
108,396,7/13/2024,9,Research,wall,Remote,Yes,60,540
109,837,5/13/2024,10,clienta,step,Remote,No,60,600
110,855,7/23/2024,8,Research,entire,Hybrid,No,30,240
111,621,11/10/2024,6,clienta,rise,Onsite,No,45,270
112,653,4/11/2024,7,ClientA,discuss,Hybrid,No,60,420
113,845,3/5/2025,7,Research,spring,Hybrid,Yes,75,525
114,154,5/8/2024,9,clienta,inside,Onsite,Yes,30,270
115,99,8/16/2025,8,ClientA,able,Onsite,Yes,60,480
116,853,2/27/2024,9,Research,own,Hybrid,Yes,30,270
117,144,6/1/2025,6,ProjectX,according,Hybrid,Yes,45,270
118,796,12/19/2024,8,clienta,adult,Remote,No,60,480
119,64,6/30/2024,7,CLIENT A,PM,Hybrid,Yes,30,210
120,329,1/27/2025,7,Internal,but,Remote,Yes,75,525
121,226,12/5/2023,10,Research,decide,Hybrid,Yes,75,750
122,455,7/15/2025,6,ProjectX,radio,Onsite,No,30,180
123,81,4/3/2025,9,ProjectX,low,Remote,No,75,675
124,187,1/11/2025,8,CLIENT A,that,Onsite,No,45,360
125,992,12/1/2024,8,ProjectX,popular,Remote,Yes,45,360
126,799,5/3/2025,10,CLIENT A,everyone,Hybrid,No,60,600
127,838,7/9/2025,6,Research,better,Hybrid,Yes,30,180
128,666,4/12/2025,8,clienta,large,Onsite,Yes,45,360
129,589,7/19/2025,10,Internal,public,Remote,No,75,750
130,396,5/29/2024,10,Research,site,Remote,No,30,300
131,250,11/6/2024,6,CLIENT A,behavior,Onsite,Yes,45,270
132,677,10/16/2025,6,Internal,interesting,Onsite,Yes,45,270
133,73,10/4/2024,6,ClientA,same,Remote,No,75,450
134,273,5/18/2025,9,clienta,point,Hybrid,No,45,405
135,221,9/26/2025,8,Research,describe,Hybrid,No,75,600
136,944,5/10/2024,7,Internal,lose,Remote,No,75,525
137,923,2/14/2024,10,Internal,early,Remote,No,30,300
138,305,7/4/2025,9,Research,make,Onsite,No,30,270
139,220,3/14/2025,6,ProjectX,day,Hybrid,No,60,360
140,784,10/25/2024,6,Internal,vote,Hybrid,Yes,60,360
141,109,12/27/2023,8,clienta,civil,Onsite,Yes,75,600
142,25,12/2/2024,6,Research,several,Onsite,No,45,270
143,65,6/26/2025,8,clienta,human,Hybrid,Yes,45,360
144,836,8/30/2025,9,ClientA,world,Hybrid,Yes,30,270
145,307,2/14/2024,7,ClientA,significant,Remote,Yes,60,420
146,994,12/21/2023,6,ProjectX,could,Hybrid,No,75,450
147,499,9/28/2025,9,Research,begin,Onsite,Yes,60,540
148,803,9/8/2025,8,Research,clearly,Hybrid,No,60,480
149,258,11/11/2023,6,CLIENT A,course,Onsite,Yes,45,270
150,392,5/31/2025,6,CLIENT A,do,Hybrid,No,60,360
151,713,4/11/2024,7,Research,federal,Remote,Yes,60,420
152,445,1/1/2025,8,Internal,near,Onsite,No,75,600
153,375,7/25/2025,6,ClientA,instead,Remote,No,60,360
154,624,7/29/2025,9,ClientA,machine,Onsite,No,45,405
155,704,4/30/2025,9,ProjectX,move,Onsite,No,75,675
156,211,5/13/2024,7,Research,next,Onsite,Yes,30,210
157,207,6/29/2025,6,clienta,business,Onsite,No,60,360
158,413,9/15/2025,6,clienta,cost,Remote,Yes,75,450
159,359,4/16/2025,7,Research,house,Hybrid,Yes,75,525
160,948,10/15/2024,9,ProjectX,contain,Onsite,No,45,405
161,74,4/22/2025,8,ProjectX,professional,Remote,No,75,600
162,651,9/5/2025,8,Research,provide,Hybrid,No,75,600
163,37,6/7/2025,7,ProjectX,establish,Remote,No,30,210
164,711,3/11/2025,6,ProjectX,word,Hybrid,Yes,75,450
165,299,11/21/2023,8,ClientA,eat,Remote,Yes,60,480
166,132,11/13/2024,7,clienta,likely,Onsite,No,60,420
167,565,1/26/2024,9,Internal,ability,Hybrid,Yes,75,675
168,140,1/12/2024,7,ClientA,debate,Onsite,Yes,60,420
169,293,12/21/2024,7,clienta,none,Remote,Yes,75,525
170,721,3/14/2025,8,Research,bank,Onsite,No,45,360
171,575,6/16/2025,7,Internal,well,Hybrid,Yes,45,315
172,565,11/29/2023,9,CLIENT A,main,Hybrid,No,60,540
173,343,10/22/2024,8,CLIENT A,always,Remote,No,75,600
174,667,3/13/2024,9,Internal,thus,Hybrid,No,45,405
175,900,6/24/2025,7,Research,red,Hybrid,Yes,60,420
176,318,9/24/2024,8,ClientA,newspaper,Onsite,Yes,75,600
177,890,8/21/2025,6,CLIENT A,stage,Onsite,No,45,270
178,330,3/6/2025,6,Research,religious,Hybrid,Yes,45,270
179,308,12/19/2024,7,ClientA,wish,Remote,Yes,45,315
180,810,11/6/2025,6,Internal,watch,Hybrid,Yes,75,450
181,689,6/14/2025,6,CLIENT A,truth,Remote,Yes,45,270
182,629,12/1/2023,9,ClientA,blue,Onsite,No,30,270
183,222,2/11/2024,9,clienta,these,Onsite,Yes,45,405
184,134,1/20/2025,8,clienta,name,Onsite,Yes,45,360
185,996,5/2/2025,6,Internal,want,Remote,Yes,60,360
186,202,7/27/2025,8,ProjectX,garden,Hybrid,Yes,75,600
187,537,9/24/2025,6,ClientA,these,Onsite,Yes,60,360
188,244,2/17/2025,10,ClientA,dog,Remote,Yes,45,450
189,459,4/17/2024,7,CLIENT A,great,Onsite,Yes,45,315
190,529,8/1/2025,6,Research,hair,Onsite,Yes,60,360
191,899,3/12/2024,10,Research,none,Hybrid,Yes,30,300
192,102,5/17/2024,10,Internal,put,Remote,Yes,75,750
193,169,5/29/2025,10,CLIENT A,group,Hybrid,No,30,300
194,486,6/21/2025,6,CLIENT A,then,Remote,Yes,45,270
195,720,8/23/2025,9,Research,under,Onsite,Yes,60,540
196,858,7/27/2024,6,Internal,news,Remote,No,45,270
197,541,6/30/2024,8,clienta,already,Hybrid,No,60,480
198,652,1/3/2025,9,CLIENT A,her,Remote,Yes,45,405
199,691,4/26/2024,10,Internal,hot,Remote,Yes,45,450
200,856,9/11/2025,7,ClientA,research,Onsite,Yes,30,210
201,472,11/14/2023,9,CLIENT A,rise,Onsite,No,45,405
202,785,8/23/2024,9,ClientA,field,Hybrid,No,30,270
203,874,2/13/2024,9,clienta,by,Onsite,Yes,30,270
204,704,9/11/2024,6,clienta,technology,Hybrid,Yes,60,360
205,859,2/1/2024,8,ClientA,tough,Onsite,Yes,30,240
206,464,7/11/2025,9,clienta,crime,Onsite,No,75,675
207,778,4/3/2024,9,ProjectX,media,Hybrid,No,75,675
208,752,8/30/2024,10,CLIENT A,rich,Remote,No,60,600
209,84,4/9/2024,9,CLIENT A,key,Hybrid,Yes,30,270
210,99,12/24/2023,6,ProjectX,whatever,Hybrid,Yes,75,450
211,133,9/18/2024,10,Internal,hold,Onsite,Yes,30,300
212,154,3/16/2025,9,CLIENT A,generation,Hybrid,No,60,540
213,93,5/25/2024,9,ProjectX,side,Hybrid,No,30,270
214,99,8/24/2025,7,CLIENT A,we,Hybrid,Yes,30,210
215,186,6/20/2025,7,CLIENT A,else,Hybrid,No,45,315
216,824,9/6/2024,7,Research,people,Onsite,Yes,45,315
217,525,4/26/2025,9,ClientA,fish,Onsite,No,45,405
218,900,7/28/2025,8,clienta,night,Remote,Yes,30,240
219,235,9/9/2024,10,clienta,dark,Remote,Yes,45,450
220,725,2/9/2025,7,Internal,capital,Hybrid,Yes,45,315
221,879,11/4/2024,10,Research,really,Hybrid,No,60,600
222,420,2/16/2024,8,ClientA,improve,Hybrid,No,45,360
223,421,12/19/2023,7,Research,democratic,Hybrid,No,30,210
224,430,8/28/2025,6,CLIENT A,admit,Onsite,Yes,60,360
225,790,1/18/2024,9,Internal,again,Hybrid,No,75,675
226,448,10/1/2025,8,Research,green,Hybrid,No,45,360
227,828,7/1/2025,9,Research,over,Hybrid,Yes,75,675
228,756,8/12/2024,8,ClientA,later,Hybrid,No,75,600
229,633,12/7/2023,8,clienta,realize,Hybrid,No,30,240
230,88,7/3/2025,7,ProjectX,lose,Hybrid,Yes,30,210
231,283,12/23/2024,6,Research,street,Hybrid,No,30,180
232,379,10/7/2024,9,Internal,middle,Hybrid,No,30,270
233,519,7/18/2025,10,ProjectX,phone,Onsite,No,45,450
234,905,7/11/2024,9,ClientA,six,Onsite,No,45,405
235,966,7/14/2025,10,Research,difference,Onsite,Yes,30,300
236,416,6/16/2024,9,Internal,despite,Onsite,Yes,75,675
237,845,6/23/2024,7,ProjectX,fact,Hybrid,No,60,420
238,931,11/11/2024,6,Internal,reach,Remote,No,30,180
239,605,9/11/2025,9,ProjectX,year,Onsite,Yes,75,675
240,761,8/22/2025,7,Research,sense,Remote,No,45,315
241,299,7/25/2024,9,ClientA,book,Hybrid,No,30,270
242,161,10/3/2025,8,clienta,bar,Hybrid,Yes,75,600
243,496,1/16/2024,8,clienta,language,Remote,Yes,30,240
244,818,11/25/2024,6,Internal,prove,Remote,Yes,30,180
245,30,12/22/2023,10,Research,everything,Onsite,Yes,60,600
246,836,8/12/2024,7,clienta,onto,Remote,No,30,210
247,811,7/5/2025,10,Internal,several,Hybrid,No,75,750
248,840,3/6/2024,8,Internal,woman,Remote,Yes,45,360
249,214,3/15/2025,9,CLIENT A,challenge,Hybrid,No,30,270
250,799,5/25/2025,7,Internal,seek,Onsite,No,30,210
251,439,1/31/2025,9,Internal,difficult,Remote,Yes,30,270
252,461,12/10/2023,8,ProjectX,already,Onsite,Yes,45,360
253,463,3/3/2025,6,CLIENT A,difficult,Hybrid,Yes,75,450
254,650,11/19/2023,6,Research,three,Hybrid,No,75,450
255,843,3/29/2025,9,clienta,forward,Hybrid,No,45,405
256,756,10/27/2025,9,ProjectX,read,Hybrid,Yes,60,540
257,391,12/20/2023,10,Internal,six,Hybrid,No,60,600
258,87,3/30/2025,6,ClientA,fear,Hybrid,No,30,180
259,352,11/4/2024,7,Research,you,Onsite,Yes,75,525
260,15,3/5/2024,7,ProjectX,point,Onsite,No,75,525
261,722,10/19/2024,8,CLIENT A,grow,Onsite,No,60,480
262,820,4/7/2025,9,Research,manage,Onsite,Yes,75,675
263,390,9/14/2025,7,Research,kid,Onsite,No,60,420
264,943,4/17/2024,8,CLIENT A,card,Hybrid,Yes,60,480
265,143,3/6/2024,9,Internal,result,Hybrid,Yes,75,675
266,788,5/14/2024,9,ProjectX,physical,Remote,No,75,675
267,267,7/6/2024,8,ClientA,write,Hybrid,No,45,360
268,589,11/28/2024,7,ClientA,trouble,Hybrid,Yes,30,210
269,58,10/7/2024,6,ClientA,fight,Remote,No,60,360
270,449,10/30/2024,8,Internal,meeting,Remote,No,30,240
271,399,5/9/2025,10,ProjectX,glass,Remote,No,45,450
272,996,5/30/2024,8,clienta,term,Remote,Yes,30,240
273,484,12/5/2024,7,CLIENT A,movie,Hybrid,No,45,315
274,4,1/6/2025,9,ClientA,its,Remote,No,75,675
275,812,3/30/2024,10,CLIENT A,cut,Remote,Yes,75,750
276,240,6/30/2025,8,clienta,car,Hybrid,No,75,600
277,561,6/15/2024,10,Research,board,Remote,Yes,45,450
278,545,11/18/2023,8,Internal,sure,Hybrid,No,75,600
279,137,8/3/2024,10,CLIENT A,picture,Remote,Yes,60,600
280,356,1/6/2024,10,Internal,evidence,Hybrid,Yes,30,300
281,54,7/20/2024,8,Research,happy,Remote,Yes,45,360
282,447,5/24/2024,9,ClientA,nature,Hybrid,Yes,75,675
283,736,8/2/2025,8,Internal,attention,Onsite,Yes,30,240
284,268,8/13/2024,10,ClientA,always,Remote,No,60,600
285,898,2/11/2025,9,ProjectX,account,Onsite,No,60,540
286,820,1/7/2024,8,Research,view,Onsite,Yes,60,480
287,783,2/22/2025,8,Research,American,Onsite,Yes,75,600
288,800,1/9/2024,10,Research,realize,Onsite,Yes,75,750
289,191,2/27/2025,6,ClientA,eight,Remote,No,75,450
290,514,11/7/2023,6,Research,write,Hybrid,Yes,30,180
291,151,5/2/2024,9,Internal,expert,Remote,No,45,405
292,594,1/14/2025,8,CLIENT A,woman,Hybrid,Yes,75,600
293,701,2/10/2024,10,Internal,when,Hybrid,No,45,450
294,962,11/7/2024,6,ProjectX,lose,Hybrid,Yes,30,180
295,785,8/30/2025,8,Internal,step,Hybrid,No,45,360
296,462,7/8/2025,6,Internal,effort,Hybrid,No,75,450
297,269,10/18/2025,8,ProjectX,board,Onsite,Yes,60,480
298,705,11/12/2024,6,CLIENT A,exist,Remote,No,60,360
299,454,7/27/2025,10,CLIENT A,town,Hybrid,Yes,30,300
300,426,6/6/2024,10,ClientA,bill,Hybrid,No,60,600
301,772,3/26/2025,6,CLIENT A,friend,Hybrid,No,60,360
302,364,11/11/2023,10,ProjectX,win,Onsite,Yes,60,600
303,536,4/26/2025,9,ClientA,suddenly,Hybrid,No,60,540
304,200,2/28/2025,9,ClientA,learn,Hybrid,No,30,270
305,284,10/1/2024,6,CLIENT A,hour,Hybrid,No,75,450
306,525,7/5/2024,10,Research,score,Remote,Yes,45,450
307,26,8/10/2024,7,Internal,feel,Hybrid,Yes,30,210
308,66,2/19/2024,8,ProjectX,together,Hybrid,Yes,60,480
309,429,3/4/2024,8,ProjectX,require,Remote,Yes,45,360
310,353,4/10/2025,8,clienta,raise,Hybrid,Yes,30,240
311,108,2/6/2025,10,ClientA,class,Hybrid,No,75,750
312,222,11/19/2024,9,CLIENT A,way,Remote,No,45,405
313,882,9/10/2025,10,clienta,toward,Hybrid,No,45,450
314,841,9/8/2025,8,clienta,director,Remote,No,45,360
315,695,6/4/2025,7,ClientA,tell,Onsite,No,45,315
316,715,6/13/2024,6,Internal,become,Remote,Yes,75,450
317,546,6/5/2024,10,CLIENT A,fight,Onsite,No,75,750
318,413,6/1/2024,7,ClientA,trade,Onsite,No,45,315
319,705,9/21/2024,6,ProjectX,often,Remote,No,60,360
320,534,2/24/2025,9,ProjectX,might,Remote,No,45,405
321,741,2/13/2025,7,Research,specific,Hybrid,Yes,45,315
322,893,1/22/2024,9,Internal,concern,Hybrid,No,60,540
323,90,1/14/2025,9,clienta,head,Hybrid,Yes,30,270
324,417,1/21/2024,6,Internal,growth,Onsite,No,30,180
325,873,7/22/2024,6,Internal,strategy,Hybrid,No,45,270
326,423,5/25/2025,10,ProjectX,figure,Onsite,Yes,75,750
327,555,3/9/2025,8,ProjectX,term,Hybrid,No,30,240
328,93,5/25/2025,9,CLIENT A,reason,Onsite,No,45,405
329,946,12/11/2024,8,clienta,pay,Hybrid,No,45,360
330,475,7/6/2025,6,ProjectX,officer,Remote,Yes,45,270
331,841,10/20/2025,10,Internal,many,Hybrid,Yes,45,450
332,268,3/16/2024,8,Internal,age,Hybrid,Yes,75,600
333,817,2/3/2024,7,ProjectX,issue,Onsite,No,45,315
334,362,12/18/2023,7,ClientA,change,Remote,No,75,525
335,3,6/9/2024,8,Research,necessary,Remote,Yes,45,360
336,200,6/28/2025,6,CLIENT A,us,Onsite,Yes,30,180
337,126,8/6/2024,6,ClientA,night,Onsite,No,30,180
338,754,11/29/2024,10,ClientA,move,Hybrid,Yes,60,600
339,316,6/17/2024,7,clienta,quite,Remote,Yes,30,210
340,846,10/25/2025,7,ProjectX,become,Onsite,No,60,420
341,404,3/24/2024,6,clienta,prove,Onsite,No,45,270
342,111,8/25/2025,9,ProjectX,stay,Hybrid,Yes,30,270
343,453,4/3/2025,6,CLIENT A,yard,Onsite,No,60,360
344,78,3/9/2024,10,ClientA,turn,Remote,Yes,30,300
345,430,6/8/2024,8,Internal,music,Onsite,No,60,480
346,438,9/29/2025,9,Internal,save,Onsite,Yes,45,405
347,904,9/20/2025,10,Internal,thank,Onsite,Yes,30,300
348,534,5/22/2025,9,Internal,himself,Onsite,Yes,30,270
349,819,8/9/2025,10,Research,both,Remote,Yes,60,600
350,993,6/21/2024,6,Internal,social,Hybrid,Yes,45,270
351,970,12/21/2024,6,Internal,your,Onsite,Yes,30,180
352,469,9/7/2025,6,Internal,our,Onsite,Yes,45,270
353,123,4/15/2024,7,clienta,nor,Onsite,Yes,60,420
354,707,4/15/2025,8,clienta,very,Onsite,Yes,60,480
355,33,12/18/2024,9,Internal,improve,Remote,Yes,30,270
356,538,11/8/2024,6,clienta,company,Hybrid,Yes,30,180
357,203,5/5/2025,8,clienta,author,Remote,Yes,60,480
358,658,5/12/2025,8,CLIENT A,put,Onsite,No,45,360
359,776,2/28/2025,9,Internal,money,Hybrid,No,60,540
360,906,6/10/2024,10,Research,exactly,Hybrid,No,60,600
361,906,10/31/2024,8,ProjectX,medical,Hybrid,No,30,240
362,620,3/26/2024,9,clienta,general,Remote,No,60,540
363,596,7/19/2025,8,CLIENT A,guy,Remote,No,75,600
364,982,12/14/2024,7,ProjectX,effort,Onsite,No,30,210
365,437,3/1/2024,6,Internal,PM,Hybrid,No,75,450
366,244,1/20/2025,8,CLIENT A,end,Hybrid,No,30,240
367,337,7/13/2025,6,Internal,sing,Onsite,No,60,360
368,365,12/17/2024,7,ClientA,develop,Remote,Yes,60,420
369,866,4/30/2024,8,Research,effort,Onsite,No,75,600
370,42,2/26/2024,8,clienta,medical,Hybrid,Yes,45,360
371,753,9/14/2024,6,Research,song,Hybrid,No,60,360
372,987,5/26/2024,9,Research,tonight,Hybrid,No,45,405
373,789,11/25/2024,9,CLIENT A,number,Hybrid,Yes,60,540
374,543,2/4/2024,6,clienta,sit,Hybrid,Yes,30,180
375,647,1/7/2025,10,ClientA,stuff,Remote,Yes,30,300
376,687,4/14/2025,9,clienta,job,Remote,Yes,75,675
377,901,1/2/2025,6,Research,just,Hybrid,No,75,450
378,100,7/9/2025,9,Internal,team,Hybrid,No,75,675
379,859,3/7/2025,10,ProjectX,peace,Hybrid,No,45,450
380,812,5/17/2024,7,Research,type,Remote,Yes,45,315
381,472,5/20/2024,9,ProjectX,health,Onsite,No,75,675
382,167,12/23/2023,9,Internal,buy,Hybrid,Yes,60,540
383,207,4/28/2024,7,CLIENT A,whatever,Remote,No,60,420
384,862,10/1/2025,8,CLIENT A,training,Hybrid,No,60,480
385,348,4/25/2025,7,ProjectX,see,Onsite,No,45,315
386,916,9/7/2025,10,Research,identify,Hybrid,Yes,60,600
387,12,1/6/2024,9,ClientA,among,Hybrid,No,75,675
388,962,4/20/2025,7,ProjectX,eye,Hybrid,Yes,75,525
389,836,5/21/2024,10,ClientA,position,Onsite,No,75,750
390,828,4/18/2024,6,ProjectX,possible,Remote,No,30,180
391,209,3/21/2024,6,Research,one,Onsite,No,30,180
392,598,1/7/2024,7,ClientA,task,Remote,No,45,315
393,1,11/8/2023,9,CLIENT A,level,Remote,Yes,75,675
394,717,4/14/2025,6,CLIENT A,field,Hybrid,No,60,360
395,382,12/5/2023,8,ProjectX,next,Hybrid,Yes,75,600
396,954,10/10/2025,10,ProjectX,weight,Remote,Yes,60,600
397,55,1/1/2025,7,clienta,seek,Remote,Yes,45,315
398,791,7/4/2024,8,Internal,seek,Hybrid,Yes,45,360
399,372,3/18/2025,6,ClientA,prove,Onsite,Yes,45,270
400,195,4/28/2024,10,clienta,end,Hybrid,No,75,750
401,887,11/26/2023,8,ProjectX,method,Hybrid,No,45,360
402,755,8/24/2025,7,CLIENT A,nice,Onsite,No,60,420
403,468,8/7/2024,6,ClientA,computer,Remote,No,30,180
404,11,10/29/2024,7,clienta,together,Hybrid,No,75,525
405,37,10/2/2024,6,Internal,couple,Hybrid,No,60,360
406,804,5/23/2025,10,ClientA,all,Hybrid,No,30,300
407,996,5/6/2025,9,ClientA,know,Remote,Yes,75,675
408,450,3/9/2025,8,CLIENT A,record,Onsite,Yes,75,600
409,851,8/13/2024,8,ProjectX,about,Onsite,No,45,360
410,371,11/15/2024,10,ProjectX,blood,Remote,No,45,450
411,285,12/19/2024,7,ClientA,center,Remote,No,60,420
412,655,7/11/2025,9,CLIENT A,whether,Onsite,No,45,405
413,762,1/18/2024,8,clienta,meeting,Onsite,Yes,60,480
414,609,1/12/2024,7,Research,subject,Remote,Yes,45,315
415,621,10/24/2025,6,ClientA,sound,Onsite,Yes,30,180
416,118,1/14/2024,6,Research,option,Hybrid,No,30,180
417,353,6/1/2024,10,ClientA,claim,Onsite,Yes,75,750
418,346,11/3/2025,8,Internal,let,Remote,Yes,75,600
419,906,2/25/2024,6,ClientA,politics,Hybrid,Yes,60,360
420,219,3/8/2024,9,ProjectX,store,Onsite,No,30,270
421,863,8/23/2024,7,CLIENT A,growth,Onsite,No,45,315
422,342,10/28/2025,8,ClientA,my,Remote,Yes,75,600
423,746,12/14/2023,6,clienta,international,Onsite,No,75,450
424,682,5/30/2024,6,Internal,room,Remote,No,60,360
425,983,7/9/2025,8,Internal,for,Hybrid,No,75,600
426,253,3/12/2025,9,clienta,we,Remote,No,60,540
427,868,11/12/2023,8,ProjectX,between,Hybrid,No,60,480
428,494,10/21/2025,10,clienta,kid,Onsite,No,30,300
429,316,10/15/2024,9,clienta,ready,Onsite,No,30,270
430,400,6/5/2024,10,ClientA,region,Onsite,Yes,45,450
431,758,8/25/2024,10,CLIENT A,right,Remote,No,75,750
432,520,12/21/2024,9,clienta,author,Remote,No,30,270
433,55,8/24/2025,6,ClientA,glass,Hybrid,No,45,270
434,502,5/17/2025,10,Internal,just,Onsite,No,60,600
435,469,11/2/2024,6,CLIENT A,hit,Hybrid,Yes,45,270
436,216,5/21/2025,7,Internal,produce,Hybrid,No,75,525
437,467,7/24/2024,10,ClientA,future,Remote,Yes,75,750
438,715,1/9/2025,7,ClientA,prove,Hybrid,No,75,525
439,853,8/27/2024,7,ProjectX,try,Hybrid,Yes,45,315
440,156,2/11/2024,6,clienta,method,Hybrid,No,45,270
441,963,6/20/2025,7,clienta,third,Onsite,Yes,45,315
442,636,10/2/2025,10,Research,current,Remote,Yes,30,300
443,658,5/27/2025,7,ClientA,water,Remote,No,30,210
444,274,6/22/2024,6,Research,particularly,Onsite,Yes,45,270
445,995,10/13/2025,7,CLIENT A,scientist,Hybrid,No,30,210
446,846,4/17/2024,6,CLIENT A,three,Onsite,Yes,60,360
447,735,5/12/2025,6,Internal,perhaps,Hybrid,No,60,360
448,868,12/7/2024,8,CLIENT A,evening,Onsite,No,45,360
449,468,11/29/2023,6,clienta,painting,Onsite,No,45,270
450,73,2/3/2025,10,ProjectX,their,Onsite,No,60,600
451,601,7/10/2025,8,ClientA,situation,Hybrid,Yes,45,360
452,207,4/7/2024,8,Research,around,Hybrid,No,30,240
453,323,8/6/2025,6,Internal,least,Hybrid,No,60,360
454,672,2/17/2024,6,CLIENT A,thank,Onsite,No,60,360
455,377,9/12/2025,8,Research,traditional,Remote,No,30,240
456,857,2/4/2025,10,CLIENT A,pay,Remote,Yes,30,300
457,591,8/20/2024,6,ClientA,capital,Onsite,No,30,180
458,232,2/23/2025,6,clienta,worry,Onsite,No,75,450
459,553,8/20/2024,8,Internal,process,Remote,No,60,480
460,599,2/24/2024,10,CLIENT A,international,Onsite,Yes,75,750
461,837,12/1/2023,10,CLIENT A,couple,Onsite,No,60,600
462,489,3/26/2025,6,ClientA,capital,Onsite,No,75,450
463,296,10/11/2024,8,Research,poor,Hybrid,Yes,30,240
464,315,6/27/2025,8,clienta,subject,Onsite,Yes,60,480
465,208,9/29/2025,9,CLIENT A,present,Remote,Yes,45,405
466,181,2/27/2024,9,Internal,well,Hybrid,No,45,405
467,162,10/22/2025,10,Internal,little,Onsite,No,75,750
468,330,4/29/2025,8,CLIENT A,only,Onsite,No,75,600
469,612,4/19/2024,9,Internal,support,Remote,Yes,60,540
470,254,11/27/2024,10,CLIENT A,nearly,Onsite,No,30,300
471,861,7/10/2025,9,Research,drive,Onsite,Yes,75,675
472,434,3/11/2025,8,clienta,significant,Onsite,Yes,45,360
473,234,8/31/2025,10,Research,movie,Onsite,No,60,600
474,903,10/3/2025,8,ProjectX,somebody,Hybrid,No,45,360
475,951,7/14/2024,9,clienta,visit,Onsite,Yes,75,675
476,28,9/21/2025,7,Internal,series,Hybrid,Yes,60,420
477,644,11/10/2024,9,Research,sing,Hybrid,No,30,270
478,264,9/6/2025,6,Research,couple,Onsite,Yes,45,270
479,509,5/22/2025,6,Internal,protect,Remote,No,60,360
480,653,10/4/2024,10,Internal,reduce,Remote,Yes,60,600
481,528,6/15/2025,9,ProjectX,almost,Onsite,No,75,675
482,758,9/11/2025,7,CLIENT A,scene,Remote,No,30,210
483,570,3/3/2025,9,ClientA,size,Remote,Yes,45,405
484,854,3/12/2024,9,CLIENT A,together,Onsite,No,30,270
485,926,1/17/2025,10,Research,become,Hybrid,No,30,300
486,70,3/19/2025,9,clienta,power,Onsite,No,75,675
487,806,10/21/2024,6,ClientA,mouth,Hybrid,Yes,60,360
488,157,2/21/2025,8,Internal,past,Remote,No,45,360
489,394,2/29/2024,8,clienta,mention,Hybrid,No,75,600
490,993,8/27/2024,8,Research,impact,Remote,No,30,240
491,805,6/15/2025,9,clienta,five,Onsite,Yes,30,270
492,825,6/26/2024,6,CLIENT A,however,Remote,Yes,60,360
493,827,9/4/2025,8,clienta,simple,Onsite,No,75,600
494,150,12/12/2024,9,ClientA,share,Hybrid,No,30,270
495,788,6/3/2024,8,ClientA,network,Remote,Yes,60,480
496,526,2/28/2025,10,CLIENT A,free,Hybrid,Yes,75,750
497,812,2/16/2024,9,ProjectX,and,Remote,No,75,675
498,257,1/16/2025,8,ProjectX,language,Onsite,Yes,30,240
499,32,11/12/2023,7,CLIENT A,oil,Remote,Yes,60,420
500,93,11/22/2024,7,ClientA,talk,Onsite,No,45,315
501,938,10/24/2024,8,ClientA,chair,Onsite,Yes,75,600
502,705,7/14/2025,10,Internal,ask,Onsite,No,30,300
503,279,6/7/2024,8,ClientA,help,Remote,Yes,45,360
504,91,7/20/2024,7,ProjectX,alone,Onsite,No,60,420
505,352,10/14/2024,9,Internal,team,Remote,Yes,30,270
506,54,7/23/2025,7,Internal,wind,Hybrid,Yes,30,210
507,375,2/25/2025,7,ClientA,far,Hybrid,No,75,525
508,678,6/6/2024,8,CLIENT A,about,Hybrid,No,75,600
509,828,7/19/2025,6,CLIENT A,movie,Hybrid,Yes,45,270
510,279,2/13/2025,10,ClientA,table,Onsite,No,75,750
511,492,7/30/2024,6,ClientA,gas,Remote,No,30,180
512,575,10/14/2025,6,CLIENT A,house,Remote,No,75,450
513,261,7/9/2024,10,Internal,school,Hybrid,No,30,300
514,871,4/7/2024,6,CLIENT A,financial,Hybrid,No,30,180
515,482,1/16/2024,8,Internal,why,Onsite,No,60,480
516,28,3/13/2024,9,ClientA,society,Remote,Yes,30,270
517,903,7/31/2025,7,CLIENT A,whose,Hybrid,No,75,525
518,498,6/18/2024,8,clienta,provide,Hybrid,No,60,480
519,744,5/21/2025,8,Internal,he,Hybrid,Yes,45,360
520,76,8/30/2024,8,Research,poor,Onsite,No,45,360
521,125,6/8/2025,8,clienta,couple,Remote,Yes,30,240
522,394,1/10/2024,8,Internal,allow,Onsite,No,30,240
523,382,6/30/2025,10,ClientA,pull,Hybrid,Yes,45,450
524,918,6/16/2024,7,clienta,hold,Remote,Yes,75,525
525,405,1/3/2024,8,clienta,truth,Hybrid,No,75,600
526,233,1/14/2024,8,CLIENT A,work,Remote,Yes,45,360
527,864,9/7/2024,10,CLIENT A,dream,Onsite,No,75,750
528,715,11/27/2023,10,clienta,think,Hybrid,No,30,300
529,837,6/9/2025,7,ClientA,anyone,Remote,No,60,420
530,463,2/16/2024,7,Internal,crime,Remote,Yes,75,525
531,537,5/18/2024,8,CLIENT A,your,Onsite,Yes,60,480
532,713,6/29/2025,6,ProjectX,serious,Hybrid,No,30,180
533,276,6/8/2024,6,Internal,else,Remote,Yes,30,180
534,551,7/13/2024,7,CLIENT A,provide,Remote,No,75,525
535,730,4/4/2025,6,Research,rule,Onsite,No,75,450
536,538,6/15/2024,9,clienta,near,Remote,No,45,405
537,632,2/21/2024,9,Internal,style,Remote,Yes,75,675
538,562,4/5/2024,10,ProjectX,lose,Remote,No,75,750
539,534,8/26/2025,9,ProjectX,article,Hybrid,No,60,540
540,404,2/6/2024,8,Internal,individual,Onsite,Yes,30,240
541,559,4/17/2024,6,Research,could,Hybrid,No,75,450
542,995,2/29/2024,10,CLIENT A,market,Hybrid,No,75,750
543,337,2/11/2024,10,CLIENT A,always,Onsite,Yes,75,750
544,653,7/24/2024,7,clienta,food,Hybrid,Yes,75,525
545,721,6/3/2024,8,ClientA,speech,Remote,No,75,600
546,296,9/20/2025,10,clienta,inside,Remote,No,30,300
547,249,3/18/2025,8,ClientA,environment,Remote,No,45,360
548,119,10/25/2025,10,CLIENT A,relationship,Onsite,No,45,450
549,795,12/21/2024,8,clienta,store,Hybrid,No,30,240
550,577,4/14/2025,7,Internal,store,Hybrid,No,30,210
551,41,11/29/2023,10,ProjectX,level,Onsite,No,45,450
552,588,2/13/2025,7,Internal,near,Onsite,No,75,525
553,211,9/1/2024,9,Internal,participant,Hybrid,Yes,60,540
554,769,4/7/2025,7,CLIENT A,such,Onsite,Yes,60,420
555,705,1/14/2024,9,CLIENT A,indeed,Hybrid,Yes,30,270
556,821,1/5/2025,6,ClientA,military,Onsite,No,60,360
557,524,11/6/2024,10,ClientA,toward,Hybrid,Yes,45,450
558,833,9/22/2025,10,Internal,situation,Remote,Yes,75,750
559,717,6/20/2025,6,ClientA,office,Remote,No,75,450
560,648,7/24/2024,8,CLIENT A,walk,Hybrid,Yes,60,480
561,376,5/16/2024,6,ProjectX,drug,Onsite,No,30,180
562,825,9/29/2025,6,clienta,event,Onsite,No,60,360
563,848,1/22/2025,7,ProjectX,many,Remote,No,45,315
564,925,9/9/2024,7,ProjectX,call,Remote,Yes,30,210
565,154,4/25/2025,8,CLIENT A,contain,Hybrid,Yes,45,360
566,706,3/21/2025,8,Research,cover,Remote,Yes,30,240
567,879,2/19/2025,6,clienta,culture,Onsite,No,75,450
568,89,3/28/2024,9,CLIENT A,prove,Onsite,Yes,45,405
569,813,1/25/2025,7,CLIENT A,bill,Hybrid,Yes,45,315
570,305,7/25/2024,8,clienta,relationship,Hybrid,No,30,240
571,120,1/31/2025,7,clienta,or,Remote,Yes,30,210
572,439,8/28/2025,7,CLIENT A,listen,Hybrid,Yes,75,525
573,210,1/15/2025,7,ProjectX,let,Onsite,No,45,315
574,793,6/6/2024,8,CLIENT A,check,Remote,Yes,45,360
575,12,6/25/2025,7,Research,open,Onsite,Yes,60,420
576,923,8/30/2025,6,ProjectX,door,Remote,No,75,450
577,261,8/12/2024,10,CLIENT A,agency,Remote,No,75,750
578,382,10/19/2024,10,Research,business,Hybrid,Yes,75,750
579,176,2/24/2024,7,CLIENT A,including,Onsite,Yes,60,420
580,769,7/20/2025,9,ClientA,field,Hybrid,No,30,270
581,672,10/20/2025,7,Internal,tonight,Hybrid,Yes,30,210
582,817,1/9/2025,8,Internal,a,Remote,No,75,600
583,785,3/2/2024,7,CLIENT A,government,Hybrid,No,75,525
584,587,6/17/2024,8,Research,audience,Hybrid,Yes,30,240
585,293,5/2/2025,6,Internal,open,Onsite,Yes,30,180
586,94,11/23/2024,9,clienta,big,Hybrid,Yes,30,270
587,576,2/11/2025,7,clienta,sound,Onsite,Yes,60,420
588,137,2/5/2024,8,CLIENT A,forward,Remote,No,30,240
589,618,11/3/2025,6,ProjectX,pay,Remote,No,45,270
590,523,1/2/2024,9,Research,guess,Onsite,Yes,75,675
591,675,4/9/2025,6,CLIENT A,through,Hybrid,No,45,270
592,72,6/29/2024,9,Research,itself,Hybrid,No,75,675
593,112,7/29/2024,10,clienta,source,Onsite,Yes,45,450
594,373,6/5/2025,10,ClientA,management,Hybrid,No,60,600
595,145,11/16/2023,9,ProjectX,court,Onsite,No,60,540
596,9,4/17/2025,7,Research,toward,Hybrid,Yes,75,525
597,312,11/6/2024,8,Internal,player,Remote,No,60,480
598,953,3/15/2025,9,ClientA,now,Remote,No,30,270
599,728,6/19/2025,9,Internal,little,Remote,No,60,540
600,424,12/3/2024,8,clienta,join,Onsite,Yes,60,480
601,181,11/5/2024,6,CLIENT A,wait,Onsite,No,45,270
602,809,10/30/2025,8,CLIENT A,will,Remote,Yes,30,240
603,594,10/31/2024,10,ProjectX,machine,Onsite,Yes,45,450
604,145,12/31/2024,9,Research,miss,Hybrid,Yes,75,675
605,540,10/9/2025,10,ClientA,whatever,Onsite,No,75,750
606,241,6/10/2024,7,ClientA,look,Onsite,No,75,525
607,355,7/11/2024,7,clienta,from,Onsite,No,60,420
608,980,11/16/2024,10,CLIENT A,financial,Onsite,Yes,75,750
609,296,5/16/2024,6,CLIENT A,usually,Hybrid,Yes,75,450
610,570,2/8/2024,6,Internal,report,Hybrid,No,30,180
611,378,10/26/2024,10,Internal,whether,Remote,No,45,450
612,743,11/21/2023,7,clienta,inside,Remote,No,45,315
613,173,1/5/2025,7,Internal,national,Remote,No,60,420
614,155,12/28/2023,9,Internal,without,Hybrid,Yes,45,405
615,934,4/18/2024,7,Internal,other,Onsite,No,45,315
616,66,8/10/2025,8,CLIENT A,size,Onsite,No,60,480
617,853,7/18/2024,8,ClientA,politics,Remote,No,60,480
618,772,4/5/2024,7,ProjectX,ask,Hybrid,No,30,210
619,797,8/10/2024,7,Internal,present,Hybrid,No,60,420
620,302,1/16/2024,10,CLIENT A,mean,Remote,Yes,30,300
621,10,7/30/2025,6,ClientA,full,Onsite,Yes,30,180
622,621,11/3/2024,9,Internal,level,Hybrid,No,60,540
623,733,3/14/2024,6,CLIENT A,staff,Onsite,No,45,270
624,34,12/6/2024,8,Internal,good,Hybrid,Yes,45,360
625,95,3/28/2025,8,ProjectX,social,Remote,Yes,60,480
626,799,1/27/2025,10,Research,hot,Onsite,Yes,30,300
627,608,9/27/2024,6,ClientA,paper,Hybrid,No,75,450
628,208,2/28/2024,6,Internal,picture,Hybrid,No,30,180
629,132,1/15/2024,10,Internal,probably,Hybrid,Yes,60,600
630,813,7/5/2025,9,Research,character,Remote,No,75,675
631,810,1/10/2024,7,Research,offer,Hybrid,Yes,45,315
632,48,3/1/2024,9,clienta,buy,Onsite,Yes,75,675
633,887,11/19/2023,10,ClientA,sound,Onsite,Yes,60,600
634,221,11/29/2024,6,clienta,school,Onsite,No,75,450
635,664,8/5/2025,10,CLIENT A,short,Hybrid,Yes,30,300
636,989,8/2/2024,7,clienta,sure,Onsite,Yes,45,315
637,902,7/11/2024,8,Internal,American,Hybrid,No,75,600
638,966,8/30/2025,6,Research,fly,Remote,No,30,180
639,487,4/28/2024,6,ProjectX,floor,Remote,No,75,450
640,85,3/15/2025,7,Research,need,Remote,No,30,210
641,360,6/22/2024,6,clienta,alone,Remote,No,30,180
642,246,12/31/2023,9,clienta,ahead,Onsite,Yes,45,405
643,809,10/17/2025,8,CLIENT A,left,Onsite,Yes,30,240
644,33,6/18/2024,7,ClientA,both,Hybrid,No,30,210
645,779,7/16/2024,6,Internal,sing,Remote,Yes,60,360
646,586,7/31/2024,6,Internal,certain,Hybrid,No,45,270
647,396,3/3/2025,6,ProjectX,blood,Remote,No,45,270
648,752,10/24/2024,6,ClientA,season,Remote,No,60,360
649,443,2/5/2024,8,Research,walk,Onsite,Yes,45,360
650,435,7/4/2024,6,ClientA,mean,Onsite,No,60,360
651,12,6/26/2024,9,ProjectX,order,Remote,Yes,45,405
652,881,8/25/2024,7,clienta,story,Remote,Yes,30,210
653,919,4/8/2024,8,CLIENT A,opportunity,Hybrid,Yes,60,480
654,912,5/13/2025,8,clienta,present,Remote,Yes,75,600
655,155,7/25/2025,9,ClientA,option,Remote,Yes,30,270
656,143,1/29/2025,10,ProjectX,government,Remote,No,60,600
657,320,3/21/2025,7,ProjectX,center,Onsite,No,45,315
658,597,11/19/2023,7,Research,leader,Remote,Yes,45,315
659,876,7/8/2024,9,ProjectX,gas,Onsite,Yes,60,540
660,605,6/25/2025,8,Internal,police,Onsite,Yes,45,360
661,448,10/12/2025,10,CLIENT A,head,Remote,No,30,300
662,237,10/9/2024,10,Research,foreign,Onsite,No,75,750
663,27,5/21/2024,6,ProjectX,military,Remote,Yes,30,180
664,537,2/27/2024,8,ClientA,job,Hybrid,Yes,45,360
665,48,12/8/2024,7,ClientA,shoulder,Onsite,Yes,60,420
666,767,9/10/2024,9,CLIENT A,town,Onsite,No,75,675
667,11,12/16/2023,7,CLIENT A,move,Hybrid,Yes,30,210
668,781,5/14/2025,9,CLIENT A,economic,Hybrid,Yes,30,270
669,819,3/30/2024,9,Research,design,Remote,Yes,45,405
670,246,6/12/2025,7,CLIENT A,them,Onsite,Yes,60,420
671,940,4/29/2025,6,ClientA,national,Hybrid,Yes,30,180
672,115,10/6/2024,7,Internal,even,Hybrid,Yes,60,420
673,841,3/18/2025,9,Internal,prepare,Onsite,Yes,45,405
674,827,6/3/2024,6,CLIENT A,generation,Hybrid,No,60,360
675,845,12/28/2023,8,Internal,push,Onsite,Yes,75,600
676,449,8/8/2024,8,ProjectX,everybody,Hybrid,Yes,45,360
677,408,5/16/2025,8,ClientA,institution,Hybrid,Yes,75,600
678,594,4/1/2024,9,Research,put,Remote,No,45,405
679,568,7/20/2025,9,ProjectX,security,Hybrid,No,60,540
680,75,6/30/2024,8,CLIENT A,major,Remote,No,75,600
681,969,2/25/2024,7,CLIENT A,example,Remote,No,45,315
682,926,7/30/2025,7,ProjectX,whether,Remote,No,75,525
683,430,11/16/2023,6,Research,clearly,Hybrid,No,45,270
684,339,1/30/2025,7,CLIENT A,interest,Onsite,Yes,30,210
685,932,10/3/2024,9,ProjectX,care,Remote,Yes,30,270
686,508,9/6/2025,6,Research,leg,Onsite,No,30,180
687,70,10/4/2024,6,Research,oil,Onsite,Yes,45,270
688,960,5/16/2025,6,clienta,wind,Remote,No,60,360
689,450,1/31/2025,6,clienta,player,Remote,Yes,60,360
690,365,1/4/2025,9,ProjectX,over,Onsite,No,30,270
691,620,2/18/2025,6,clienta,represent,Hybrid,Yes,60,360
692,320,10/15/2025,8,ClientA,should,Onsite,Yes,45,360
693,614,6/8/2025,8,clienta,throughout,Remote,No,30,240
694,315,7/20/2024,8,ProjectX,service,Remote,Yes,60,480
695,135,3/26/2024,7,clienta,pull,Onsite,No,75,525
696,204,12/15/2024,9,ProjectX,suggest,Onsite,No,30,270
697,108,5/27/2024,7,Research,raise,Remote,No,45,315
698,912,9/8/2025,10,ClientA,Congress,Remote,No,30,300
699,300,9/16/2024,6,clienta,research,Onsite,Yes,30,180
700,699,12/28/2023,9,clienta,care,Remote,Yes,30,270
701,766,8/28/2024,7,Research,forget,Onsite,Yes,60,420
702,961,10/24/2024,6,CLIENT A,could,Remote,No,30,180
703,600,8/25/2024,9,Research,environmental,Hybrid,No,75,675
704,940,2/2/2025,6,ProjectX,book,Hybrid,No,75,450
705,507,3/5/2025,8,CLIENT A,democratic,Remote,No,30,240
706,497,9/5/2024,7,Research,do,Onsite,Yes,45,315
707,74,4/8/2024,7,Research,read,Onsite,No,45,315
708,211,5/26/2024,6,Research,century,Remote,No,30,180
709,89,4/23/2024,9,Research,senior,Remote,No,75,675
710,452,9/19/2024,6,ClientA,media,Onsite,Yes,75,450
711,448,7/28/2024,9,ClientA,admit,Remote,Yes,75,675
712,884,1/5/2025,10,clienta,anyone,Onsite,No,30,300
713,867,12/19/2023,10,CLIENT A,laugh,Remote,Yes,75,750
714,297,8/28/2025,9,Internal,lawyer,Onsite,Yes,60,540
715,340,12/2/2023,7,Research,time,Onsite,No,75,525
716,433,9/13/2025,8,ProjectX,process,Hybrid,No,45,360
717,555,6/30/2025,6,Research,work,Remote,Yes,60,360
718,423,1/17/2025,6,clienta,market,Hybrid,Yes,30,180
719,686,5/21/2024,8,CLIENT A,finally,Hybrid,No,45,360
720,584,7/13/2024,10,ProjectX,thus,Remote,Yes,60,600
721,864,2/4/2025,6,CLIENT A,cold,Remote,Yes,60,360
722,486,2/2/2025,9,ClientA,quite,Onsite,Yes,45,405
723,139,1/28/2024,8,clienta,around,Onsite,No,75,600
724,652,1/16/2025,6,ClientA,people,Remote,No,60,360
725,219,9/1/2025,9,ProjectX,air,Onsite,No,75,675
726,993,5/11/2024,7,clienta,our,Remote,No,45,315
727,153,12/12/2024,7,ClientA,catch,Hybrid,Yes,60,420
728,33,11/7/2024,7,Research,him,Hybrid,No,45,315
729,334,12/30/2024,7,Research,development,Hybrid,Yes,75,525
730,811,5/6/2025,8,Research,evidence,Remote,No,30,240
731,714,8/15/2024,8,Research,agreement,Onsite,Yes,30,240
732,810,12/10/2023,8,ClientA,must,Remote,Yes,30,240
733,21,5/25/2025,10,clienta,forward,Remote,Yes,45,450
734,859,3/21/2025,7,Research,show,Onsite,Yes,75,525
735,82,6/28/2024,10,Research,eye,Hybrid,No,75,750
736,823,4/9/2024,6,Internal,technology,Hybrid,Yes,60,360
737,694,2/21/2024,9,clienta,whether,Hybrid,No,45,405
738,453,8/31/2025,10,CLIENT A,cut,Remote,No,60,600
739,28,11/18/2024,9,clienta,environment,Remote,No,30,270
740,116,2/23/2024,10,Internal,best,Remote,Yes,45,450
741,68,2/23/2024,7,clienta,world,Onsite,Yes,30,210
742,926,12/19/2024,10,Research,never,Remote,Yes,45,450
743,99,11/21/2023,7,CLIENT A,then,Hybrid,No,30,210
744,197,5/30/2024,7,CLIENT A,of,Remote,No,30,210
745,723,10/11/2025,7,Internal,recently,Hybrid,Yes,45,315
746,321,11/18/2024,6,ProjectX,assume,Remote,No,60,360
747,746,4/27/2024,10,Research,floor,Hybrid,No,75,750
748,307,11/6/2024,6,Internal,option,Onsite,Yes,60,360
749,6,3/28/2025,6,clienta,fly,Hybrid,No,30,180
750,499,7/14/2025,7,CLIENT A,popular,Hybrid,Yes,30,210
751,132,5/5/2025,8,clienta,create,Onsite,Yes,75,600
752,95,11/27/2024,8,Internal,much,Hybrid,Yes,45,360
753,144,4/28/2025,10,ClientA,Republican,Remote,No,30,300
754,154,8/25/2025,9,clienta,reveal,Remote,No,75,675
755,334,11/26/2023,7,Internal,sit,Hybrid,No,75,525
756,394,7/7/2024,7,CLIENT A,along,Onsite,No,45,315
757,131,5/19/2024,6,ClientA,source,Onsite,No,45,270
758,449,3/3/2024,10,CLIENT A,against,Onsite,No,60,600
759,763,9/28/2025,10,Research,scientist,Onsite,Yes,60,600
760,175,9/21/2025,10,CLIENT A,act,Onsite,Yes,45,450
761,183,8/30/2025,7,CLIENT A,even,Remote,Yes,30,210
762,258,5/7/2025,7,ProjectX,sport,Hybrid,No,60,420
763,751,7/5/2025,10,CLIENT A,defense,Onsite,No,45,450
764,250,4/12/2024,10,clienta,point,Hybrid,Yes,75,750
765,239,11/16/2023,8,ClientA,approach,Onsite,Yes,45,360
766,506,9/14/2025,9,Research,small,Onsite,Yes,45,405
767,989,8/1/2024,10,ClientA,billion,Remote,No,45,450
768,160,9/19/2024,9,CLIENT A,inside,Remote,Yes,30,270
769,235,7/4/2024,9,clienta,it,Onsite,No,75,675
770,544,7/23/2025,9,CLIENT A,fly,Onsite,Yes,60,540
771,782,3/10/2024,9,CLIENT A,author,Onsite,Yes,30,270
772,881,1/19/2025,7,ProjectX,feeling,Remote,No,45,315
773,809,2/25/2024,9,ClientA,recently,Hybrid,Yes,45,405
774,271,3/15/2025,8,clienta,old,Remote,No,75,600
775,900,9/28/2025,6,clienta,will,Remote,Yes,60,360
776,231,3/24/2025,7,Internal,avoid,Onsite,Yes,45,315
777,771,10/3/2024,7,ClientA,stock,Hybrid,No,30,210
778,394,10/15/2024,7,CLIENT A,baby,Hybrid,No,60,420
779,735,1/13/2025,10,Internal,debate,Hybrid,No,60,600
780,682,12/5/2023,6,clienta,dark,Remote,No,60,360
781,939,5/3/2025,6,ClientA,watch,Hybrid,No,45,270
782,984,11/14/2023,6,ClientA,culture,Onsite,Yes,75,450
783,873,12/2/2023,9,clienta,people,Onsite,Yes,60,540
784,22,10/26/2024,8,ClientA,as,Onsite,No,60,480
785,408,5/15/2024,10,ClientA,cost,Remote,No,30,300
786,89,8/6/2024,6,Internal,site,Remote,Yes,45,270
787,813,12/30/2024,8,ProjectX,remain,Remote,No,60,480
788,625,10/23/2024,9,Research,travel,Onsite,No,30,270
789,518,10/30/2024,6,ProjectX,price,Hybrid,Yes,60,360
790,896,4/27/2024,8,ProjectX,three,Remote,Yes,60,480
791,1,1/20/2025,7,Internal,yourself,Remote,No,60,420
792,55,7/2/2024,8,ClientA,control,Hybrid,Yes,45,360
793,178,8/18/2024,6,clienta,thus,Remote,Yes,45,270
794,774,12/29/2023,10,ProjectX,us,Onsite,No,45,450
795,917,11/16/2024,10,CLIENT A,space,Hybrid,Yes,45,450
796,355,8/3/2025,7,clienta,these,Hybrid,Yes,30,210
797,954,5/4/2024,6,CLIENT A,doctor,Hybrid,Yes,60,360
798,691,4/19/2025,8,Internal,successful,Remote,Yes,75,600
799,408,11/13/2024,9,CLIENT A,middle,Onsite,No,75,675
800,786,11/30/2023,7,ClientA,woman,Onsite,Yes,75,525
801,365,8/18/2024,8,CLIENT A,staff,Hybrid,Yes,45,360
802,503,10/21/2025,9,ClientA,society,Remote,Yes,75,675
803,148,6/16/2024,9,ProjectX,street,Hybrid,Yes,60,540
804,736,8/1/2024,8,clienta,reveal,Remote,Yes,45,360
805,969,7/3/2025,9,clienta,company,Remote,No,30,270
806,249,9/3/2024,7,clienta,enough,Onsite,No,45,315
807,393,11/12/2024,9,ClientA,call,Onsite,Yes,75,675
808,467,2/9/2025,6,Internal,security,Remote,No,30,180
809,787,1/20/2024,8,CLIENT A,floor,Remote,Yes,75,600
810,276,6/20/2024,10,CLIENT A,force,Hybrid,Yes,60,600
811,19,12/24/2023,9,ClientA,former,Hybrid,No,45,405
812,917,4/5/2025,10,ClientA,paper,Hybrid,No,45,450
813,697,7/27/2024,7,Research,prove,Hybrid,Yes,30,210
814,389,5/18/2024,8,Research,pull,Onsite,No,60,480
815,840,12/11/2024,6,ProjectX,around,Hybrid,Yes,60,360
816,454,4/24/2025,9,ProjectX,travel,Hybrid,Yes,45,405
817,957,9/27/2024,7,Internal,response,Hybrid,Yes,60,420
818,543,8/24/2025,9,ClientA,person,Remote,No,30,270
819,841,5/4/2024,8,ProjectX,student,Hybrid,Yes,60,480
820,387,10/26/2025,9,clienta,much,Onsite,Yes,45,405
821,746,2/19/2025,10,Research,hospital,Remote,No,60,600
822,621,2/4/2024,10,Research,available,Onsite,No,75,750
823,116,5/31/2024,7,Internal,lead,Onsite,No,30,210
824,503,3/28/2024,7,Internal,through,Hybrid,No,60,420
825,672,11/22/2023,6,ClientA,teacher,Remote,No,45,270
826,968,1/16/2025,8,ProjectX,eat,Remote,No,60,480
827,561,7/13/2025,7,clienta,benefit,Onsite,Yes,75,525
828,819,5/20/2024,7,Research,just,Hybrid,No,30,210
829,603,3/28/2024,7,ClientA,start,Remote,Yes,30,210
830,458,1/30/2024,10,ProjectX,size,Onsite,Yes,60,600
831,169,4/27/2025,10,Research,material,Remote,No,45,450
832,857,7/10/2024,9,ProjectX,south,Hybrid,Yes,30,270
833,922,10/25/2024,6,ProjectX,make,Hybrid,Yes,45,270
834,107,11/9/2023,9,Research,magazine,Remote,Yes,45,405
835,280,5/16/2024,9,Internal,test,Onsite,No,45,405
836,779,11/7/2024,7,ProjectX,long,Onsite,Yes,60,420
837,428,6/24/2025,10,clienta,add,Remote,No,75,750
838,7,1/31/2024,7,ProjectX,story,Remote,Yes,75,525
839,650,12/24/2023,6,Research,total,Onsite,No,60,360
840,561,7/19/2025,9,clienta,professor,Remote,No,60,540
841,540,5/17/2025,7,ClientA,miss,Hybrid,Yes,75,525
842,225,11/17/2024,10,CLIENT A,business,Hybrid,No,45,450
843,160,3/10/2025,8,Research,four,Remote,Yes,45,360
844,367,3/25/2025,9,clienta,rather,Remote,No,60,540
845,61,3/9/2025,9,Internal,probably,Onsite,No,60,540
846,96,9/7/2025,7,ClientA,trouble,Onsite,Yes,45,315
847,483,2/22/2024,6,Internal,tonight,Hybrid,No,60,360
848,238,5/8/2024,9,clienta,for,Remote,Yes,45,405
849,750,8/13/2024,7,CLIENT A,security,Hybrid,Yes,75,525
850,627,11/12/2023,9,clienta,cultural,Onsite,Yes,45,405
851,523,3/27/2024,7,CLIENT A,around,Hybrid,Yes,75,525
852,620,6/9/2025,9,Internal,technology,Remote,Yes,75,675
853,734,3/8/2024,8,clienta,this,Remote,Yes,30,240
854,493,3/14/2025,9,Research,debate,Remote,No,30,270
855,785,7/10/2025,9,ClientA,whole,Onsite,No,60,540
856,963,10/11/2025,8,ProjectX,pull,Hybrid,Yes,60,480
857,940,7/13/2025,9,Research,year,Hybrid,Yes,30,270
858,314,9/30/2025,7,Research,strong,Onsite,No,60,420
859,337,11/14/2023,9,Internal,these,Hybrid,Yes,30,270
860,245,1/24/2025,6,clienta,yet,Onsite,No,75,450
861,430,8/4/2025,6,ProjectX,day,Onsite,No,45,270
862,826,7/12/2025,9,ClientA,ago,Onsite,Yes,45,405
863,31,11/25/2023,6,Internal,article,Onsite,No,60,360
864,932,3/30/2024,7,ClientA,show,Hybrid,Yes,45,315
865,417,11/20/2023,9,clienta,thousand,Hybrid,No,30,270
866,716,6/25/2025,9,Research,end,Onsite,Yes,45,405
867,228,5/7/2024,7,ProjectX,rise,Hybrid,No,30,210
868,131,12/10/2023,6,Internal,model,Hybrid,No,30,180
869,179,8/19/2024,8,Research,window,Onsite,Yes,45,360
870,725,9/30/2025,6,ClientA,ok,Hybrid,Yes,30,180
871,192,1/14/2025,7,ProjectX,future,Remote,Yes,30,210
872,580,2/14/2025,7,Internal,most,Hybrid,No,75,525
873,974,9/30/2024,10,CLIENT A,only,Onsite,No,45,450
874,463,9/11/2024,9,Internal,study,Remote,Yes,30,270
875,457,2/11/2024,6,CLIENT A,particularly,Onsite,Yes,30,180
876,965,2/9/2025,9,CLIENT A,couple,Onsite,Yes,75,675
877,351,1/28/2025,9,ClientA,about,Hybrid,Yes,30,270
878,11,9/12/2025,9,clienta,world,Hybrid,Yes,75,675
879,912,11/1/2024,9,clienta,situation,Remote,Yes,30,270
880,582,3/24/2025,9,Internal,something,Remote,No,30,270
881,927,12/14/2024,8,Research,fund,Onsite,Yes,60,480
882,49,8/30/2024,6,Internal,growth,Hybrid,Yes,60,360
883,106,7/22/2025,6,clienta,skill,Remote,No,60,360
884,533,9/27/2025,10,clienta,food,Hybrid,Yes,30,300
885,591,4/23/2024,9,clienta,just,Remote,No,75,675
886,675,8/10/2025,7,Internal,water,Hybrid,No,45,315
887,522,1/27/2024,9,Research,sea,Remote,No,30,270
888,703,2/18/2024,9,ProjectX,mention,Hybrid,No,60,540
889,67,8/3/2025,7,ProjectX,land,Hybrid,Yes,75,525
890,426,9/22/2024,6,Internal,allow,Hybrid,Yes,60,360
891,404,2/12/2025,9,clienta,discussion,Onsite,No,45,405
892,422,5/7/2024,7,clienta,improve,Remote,Yes,30,210
893,875,4/21/2024,6,Internal,ask,Remote,Yes,60,360
894,27,10/7/2025,10,Internal,responsibility,Onsite,Yes,60,600
895,842,5/29/2025,6,Research,feel,Hybrid,Yes,60,360
896,978,5/12/2025,9,clienta,might,Onsite,No,75,675
897,670,7/2/2024,9,Research,type,Onsite,No,75,675
898,52,10/16/2024,10,CLIENT A,final,Remote,No,45,450
899,606,3/6/2024,7,Research,process,Hybrid,Yes,45,315
900,131,3/29/2025,9,Research,offer,Onsite,No,60,540
901,920,4/24/2024,8,clienta,fund,Onsite,Yes,60,480
902,253,7/25/2024,6,clienta,building,Onsite,No,45,270
903,215,8/16/2025,8,Research,like,Hybrid,No,75,600
904,435,6/4/2025,6,Research,trip,Onsite,No,75,450
905,827,3/17/2025,8,Internal,fish,Onsite,Yes,45,360
906,311,8/30/2024,7,CLIENT A,loss,Onsite,No,45,315
907,314,5/1/2024,10,CLIENT A,no,Remote,Yes,60,600
908,696,3/2/2024,10,Research,improve,Hybrid,Yes,60,600
909,278,5/19/2025,8,ClientA,cell,Remote,No,45,360
910,767,1/24/2025,8,Internal,wrong,Remote,No,45,360
911,231,12/24/2023,10,ProjectX,debate,Remote,Yes,60,600
912,692,6/6/2025,10,Internal,left,Onsite,No,30,300
913,836,1/20/2025,6,ClientA,decade,Remote,Yes,75,450
914,876,12/16/2024,10,ClientA,themselves,Remote,Yes,30,300
915,532,9/15/2024,9,ClientA,health,Hybrid,No,75,675
916,884,8/8/2025,6,Internal,others,Hybrid,No,75,450
917,892,10/3/2025,10,CLIENT A,think,Remote,No,30,300
918,546,9/2/2024,8,CLIENT A,role,Onsite,Yes,60,480
919,969,12/8/2024,6,Internal,bar,Remote,No,30,180
920,170,9/23/2024,9,CLIENT A,world,Hybrid,No,75,675
921,318,11/25/2024,8,ClientA,huge,Onsite,No,30,240
922,26,9/4/2024,9,clienta,off,Hybrid,No,30,270
923,674,10/16/2025,9,CLIENT A,both,Remote,No,30,270
924,343,2/21/2024,10,Internal,return,Remote,Yes,75,750
925,881,12/23/2023,10,Research,north,Remote,No,45,450
926,157,10/27/2025,9,ProjectX,take,Hybrid,Yes,60,540
927,223,6/3/2025,8,Internal,news,Hybrid,No,30,240
928,138,11/22/2024,7,clienta,light,Onsite,No,60,420
929,896,2/11/2024,6,Internal,own,Onsite,No,30,180
930,644,7/12/2025,10,Research,upon,Onsite,Yes,60,600
931,415,8/13/2025,8,ClientA,measure,Onsite,Yes,30,240
932,436,4/2/2024,10,Internal,its,Remote,Yes,30,300
933,319,2/22/2024,7,Research,tax,Remote,No,60,420
934,279,2/12/2025,7,Internal,ball,Remote,Yes,30,210
935,267,12/23/2023,7,Internal,their,Hybrid,Yes,75,525
936,181,4/9/2025,8,Research,coach,Onsite,No,30,240
937,569,1/31/2024,10,ProjectX,be,Hybrid,No,60,600
938,478,9/22/2024,10,ProjectX,relationship,Remote,No,30,300
939,565,1/24/2025,8,Research,member,Onsite,Yes,45,360
940,214,2/8/2024,9,ProjectX,physical,Hybrid,No,60,540
941,977,5/2/2025,9,Research,government,Onsite,No,30,270
942,476,6/15/2024,6,Research,easy,Hybrid,No,45,270
943,146,6/23/2025,8,ProjectX,peace,Onsite,No,75,600
944,457,1/7/2025,8,clienta,student,Onsite,Yes,75,600
945,143,1/31/2024,6,ProjectX,sing,Onsite,Yes,45,270
946,44,3/11/2024,8,Internal,bank,Hybrid,No,75,600
947,43,12/17/2024,8,Research,full,Hybrid,Yes,45,360
948,257,5/5/2025,9,clienta,discussion,Remote,No,45,405
949,914,9/25/2024,10,ClientA,child,Remote,No,30,300
950,599,6/2/2025,7,clienta,treat,Onsite,Yes,30,210
951,715,10/28/2025,6,ProjectX,range,Remote,No,45,270
952,954,9/18/2024,8,ProjectX,still,Hybrid,Yes,75,600
953,543,2/5/2025,6,ProjectX,nice,Onsite,Yes,30,180
954,175,2/17/2024,8,CLIENT A,stage,Remote,Yes,45,360
955,250,5/27/2024,6,Research,fight,Remote,Yes,60,360
956,936,4/28/2025,9,CLIENT A,thing,Onsite,Yes,75,675
957,907,5/5/2025,8,ClientA,less,Onsite,Yes,60,480
958,592,7/2/2024,6,CLIENT A,nothing,Hybrid,Yes,30,180
959,685,3/19/2025,10,clienta,analysis,Remote,No,30,300
960,569,4/27/2024,10,ClientA,trade,Hybrid,Yes,60,600
961,660,8/21/2024,10,Internal,ok,Onsite,No,60,600
962,72,11/8/2023,6,ProjectX,section,Onsite,No,75,450
963,736,4/10/2024,6,clienta,discover,Remote,No,60,360
964,709,9/13/2024,7,ClientA,yard,Remote,Yes,75,525
965,349,8/9/2025,10,Research,current,Onsite,Yes,60,600
966,307,1/23/2024,9,Internal,factor,Hybrid,Yes,60,540
967,506,5/20/2024,10,ClientA,natural,Onsite,Yes,60,600
968,356,3/28/2024,6,CLIENT A,stop,Remote,Yes,45,270
969,756,4/23/2025,10,ClientA,choice,Remote,No,30,300
970,840,6/12/2024,9,ClientA,draw,Hybrid,No,30,270
971,191,3/16/2024,7,Research,example,Onsite,No,30,210
972,203,11/14/2024,7,Research,voice,Onsite,Yes,75,525
973,663,9/23/2025,6,Internal,site,Onsite,Yes,75,450
974,984,3/14/2025,6,ClientA,school,Hybrid,Yes,45,270
975,643,2/24/2025,10,clienta,condition,Onsite,Yes,75,750
976,243,1/2/2025,10,Internal,lay,Remote,No,30,300
977,993,11/2/2025,8,ClientA,road,Remote,No,60,480
978,704,1/31/2024,6,CLIENT A,record,Hybrid,No,45,270
979,520,1/23/2025,10,clienta,charge,Onsite,Yes,60,600
980,386,5/1/2025,8,CLIENT A,page,Onsite,Yes,60,480
981,91,8/31/2024,8,clienta,perhaps,Remote,Yes,45,360
982,290,2/5/2024,10,ProjectX,buy,Hybrid,Yes,30,300
983,623,3/13/2025,8,CLIENT A,half,Hybrid,Yes,30,240
984,260,9/29/2025,6,Internal,wrong,Onsite,Yes,45,270
985,579,1/11/2025,6,Research,exist,Remote,Yes,30,180
986,792,8/2/2025,9,ClientA,Mrs,Onsite,Yes,45,405
987,115,2/19/2025,7,clienta,prevent,Remote,Yes,60,420
988,531,11/15/2024,7,clienta,after,Remote,No,75,525
989,119,1/25/2025,9,clienta,article,Remote,Yes,45,405
990,284,5/2/2025,8,CLIENT A,house,Hybrid,No,75,600
991,315,3/9/2024,7,ProjectX,yes,Onsite,No,45,315
992,265,1/21/2025,8,ClientA,bar,Onsite,Yes,30,240
993,53,11/11/2023,6,Internal,improve,Remote,Yes,45,270
994,834,10/24/2024,10,Research,detail,Onsite,No,75,750
995,592,3/30/2025,10,ProjectX,past,Onsite,No,45,450
996,154,10/4/2024,8,ClientA,remember,Hybrid,Yes,75,600
997,874,6/11/2025,7,CLIENT A,worry,Hybrid,Yes,45,315
998,536,5/13/2025,7,Research,teacher,Onsite,Yes,60,420
999,904,3/9/2024,6,clienta,since,Onsite,No,75,450
1000,708,1/1/2025,9,ClientA,tough,Onsite,No,75,675
1001,216,12/8/2023,7,Research,activity,Hybrid,No,45,315
1002,256,3/21/2024,7,Research,become,Hybrid,No,30,210
1003,832,6/6/2025,7,clienta,large,Remote,No,30,210
1004,172,6/10/2024,8,clienta,enjoy,Hybrid,Yes,75,600
1005,102,12/8/2024,6,ClientA,white,Onsite,Yes,45,270
1006,613,10/8/2025,10,ProjectX,side,Remote,No,75,750
1007,337,11/21/2023,6,ProjectX,admit,Hybrid,No,75,450
1008,722,12/20/2024,10,Internal,environmental,Remote,Yes,30,300
1009,354,8/23/2025,9,Research,safe,Hybrid,Yes,30,270
1010,206,2/29/2024,8,clienta,stage,Remote,Yes,30,240
1011,940,12/28/2024,6,clienta,growth,Hybrid,Yes,60,360
1012,836,8/30/2025,10,ClientA,positive,Remote,Yes,45,450
1013,899,6/3/2024,9,Internal,finally,Onsite,Yes,30,270
1014,782,9/17/2025,7,CLIENT A,nature,Remote,No,30,210
1015,667,9/4/2024,9,Internal,up,Hybrid,Yes,30,270
1016,807,10/23/2025,9,Internal,improve,Hybrid,No,45,405
1017,185,3/15/2024,7,clienta,personal,Remote,No,30,210
1018,475,9/19/2025,6,Research,individual,Remote,No,60,360
1019,161,9/14/2024,6,Research,tell,Remote,Yes,60,360
1020,109,1/8/2024,6,clienta,study,Onsite,Yes,75,450
1021,423,3/6/2024,7,CLIENT A,similar,Onsite,No,30,210
1022,296,7/1/2025,8,ProjectX,company,Remote,No,75,600
1023,437,10/17/2025,6,clienta,explain,Hybrid,No,30,180
1024,101,11/4/2025,8,clienta,community,Onsite,No,60,480
1025,255,12/17/2023,9,clienta,including,Hybrid,No,75,675
1026,716,2/28/2025,10,Internal,star,Remote,No,30,300
1027,556,4/2/2024,9,ProjectX,arm,Remote,No,60,540
1028,454,1/30/2025,9,CLIENT A,along,Remote,No,45,405
1029,103,2/7/2024,6,clienta,shake,Remote,No,60,360
1030,752,10/29/2024,8,Internal,skin,Hybrid,No,60,480
1031,421,2/20/2024,6,clienta,while,Onsite,No,45,270
1032,438,12/16/2024,7,clienta,minute,Remote,Yes,75,525
1033,824,5/3/2024,6,CLIENT A,artist,Hybrid,Yes,75,450
1034,868,3/26/2025,10,Internal,fund,Hybrid,Yes,30,300
1035,272,12/2/2024,6,ProjectX,history,Hybrid,No,60,360
1036,112,3/30/2024,10,clienta,traditional,Remote,No,45,450
1037,321,3/30/2024,8,Internal,similar,Remote,No,30,240
1038,112,4/3/2025,6,ClientA,no,Onsite,Yes,75,450
1039,396,11/6/2025,9,clienta,program,Onsite,No,45,405
1040,60,8/10/2025,7,ProjectX,drive,Hybrid,Yes,30,210
1041,217,8/23/2024,9,CLIENT A,peace,Onsite,No,75,675
1042,124,10/20/2024,7,ClientA,consider,Hybrid,Yes,60,420
1043,4,10/8/2024,10,CLIENT A,spring,Onsite,Yes,75,750
1044,242,12/23/2024,8,Research,organization,Hybrid,Yes,60,480
1045,850,3/3/2025,6,CLIENT A,expert,Hybrid,No,45,270
1046,958,12/28/2023,8,clienta,song,Onsite,Yes,75,600
1047,646,6/18/2025,7,Research,environmental,Remote,Yes,30,210
1048,589,3/5/2024,10,clienta,speech,Remote,No,60,600
1049,749,5/16/2024,10,Internal,late,Hybrid,Yes,30,300
1050,859,12/20/2023,7,Research,start,Hybrid,No,30,210
1051,2,3/24/2025,9,Internal,war,Onsite,Yes,45,405
1052,293,4/21/2024,9,Research,bad,Onsite,Yes,75,675
1053,473,6/27/2025,7,ClientA,son,Hybrid,No,60,420
1054,95,1/22/2024,10,Research,away,Onsite,Yes,60,600
1055,77,1/17/2025,7,ClientA,success,Remote,Yes,75,525
1056,371,5/11/2024,9,ClientA,catch,Onsite,No,45,405
1057,962,3/21/2025,10,Internal,vote,Remote,No,75,750
1058,12,9/4/2024,7,clienta,soldier,Hybrid,No,30,210
1059,778,7/23/2024,8,Research,recently,Onsite,No,75,600
1060,559,11/29/2023,8,CLIENT A,blood,Hybrid,No,30,240
1061,941,9/12/2025,8,CLIENT A,them,Onsite,Yes,60,480
1062,321,5/12/2025,10,clienta,threat,Hybrid,No,60,600
1063,633,4/11/2024,7,clienta,show,Remote,Yes,60,420
1064,406,4/24/2025,6,Internal,author,Onsite,Yes,60,360
1065,937,1/9/2025,10,Internal,control,Onsite,No,45,450
1066,694,8/16/2024,9,clienta,life,Onsite,Yes,60,540
1067,207,11/25/2023,7,ProjectX,so,Hybrid,Yes,45,315
1068,109,3/11/2024,9,CLIENT A,will,Onsite,No,30,270
1069,44,11/24/2023,10,clienta,smile,Onsite,Yes,75,750
1070,291,8/6/2024,7,Research,at,Hybrid,No,75,525
1071,941,2/23/2025,10,clienta,organization,Onsite,No,45,450
1072,79,4/25/2024,9,CLIENT A,and,Hybrid,No,60,540
1073,860,9/4/2025,8,Internal,worry,Hybrid,No,30,240
1074,278,2/15/2024,9,CLIENT A,fast,Remote,No,75,675
1075,317,10/23/2024,10,clienta,shake,Onsite,Yes,30,300
1076,20,6/17/2024,9,Research,plan,Hybrid,No,30,270
1077,978,3/19/2025,7,ProjectX,perform,Onsite,Yes,75,525
1078,200,5/30/2024,6,ProjectX,production,Onsite,Yes,30,180
1079,65,4/23/2024,10,ProjectX,view,Onsite,Yes,30,300
1080,99,8/16/2025,10,clienta,wrong,Remote,Yes,30,300
1081,986,5/19/2024,8,clienta,customer,Remote,No,60,480
1082,943,4/30/2024,10,clienta,design,Remote,No,45,450
1083,743,3/25/2024,10,clienta,pretty,Hybrid,No,60,600
1084,750,12/27/2024,8,CLIENT A,across,Onsite,No,45,360
1085,752,8/27/2024,10,Research,happy,Hybrid,Yes,75,750
1086,329,4/7/2024,8,Internal,decade,Onsite,No,30,240
1087,472,5/22/2025,8,clienta,say,Onsite,Yes,75,600
1088,736,3/27/2024,10,Internal,year,Remote,No,60,600
1089,247,10/20/2024,7,clienta,society,Remote,No,45,315
1090,705,10/25/2025,6,Research,recent,Remote,Yes,60,360
1091,508,3/11/2025,7,Internal,guy,Hybrid,No,60,420
1092,889,3/8/2025,10,clienta,public,Remote,No,60,600
1093,898,5/24/2025,9,clienta,return,Remote,No,30,270
1094,917,9/25/2024,6,CLIENT A,no,Remote,No,75,450
1095,740,5/26/2024,8,ProjectX,month,Remote,Yes,30,240
1096,40,5/2/2024,10,Research,it,Remote,No,75,750
1097,537,7/20/2024,7,Research,area,Onsite,No,30,210
1098,340,11/12/2023,9,clienta,believe,Hybrid,Yes,75,675
1099,568,2/2/2025,7,Research,least,Remote,Yes,60,420
1100,410,5/1/2025,8,ProjectX,occur,Hybrid,No,75,600
1101,214,8/9/2025,6,Research,high,Remote,Yes,60,360
1102,975,9/1/2025,8,ProjectX,follow,Hybrid,No,30,240
1103,874,10/22/2025,6,ClientA,paper,Hybrid,No,45,270
1104,559,6/4/2025,8,ProjectX,program,Remote,No,30,240
1105,765,8/7/2025,10,CLIENT A,significant,Remote,Yes,45,450
1106,657,3/6/2024,7,ClientA,yard,Remote,Yes,60,420
1107,936,4/3/2024,9,ProjectX,body,Onsite,Yes,75,675
1108,685,1/18/2025,6,Research,even,Onsite,No,75,450
1109,274,9/9/2025,7,ProjectX,guess,Onsite,No,45,315
1110,722,5/4/2024,7,Research,prepare,Remote,No,45,315
1111,581,3/14/2025,10,clienta,oil,Onsite,Yes,75,750
1112,958,9/20/2024,10,CLIENT A,current,Remote,Yes,60,600
1113,362,4/17/2024,8,clienta,be,Remote,No,75,600
1114,423,6/14/2024,7,ClientA,in,Hybrid,Yes,75,525
1115,313,11/30/2023,8,Internal,into,Hybrid,Yes,45,360
1116,685,9/14/2025,9,ClientA,thus,Hybrid,No,60,540
1117,939,9/12/2025,9,Internal,very,Onsite,Yes,60,540
1118,72,10/24/2024,6,Research,message,Onsite,No,60,360
1119,629,9/22/2024,7,clienta,admit,Hybrid,No,45,315
1120,144,5/9/2025,8,Internal,character,Onsite,No,75,600
1121,723,3/15/2025,7,ClientA,young,Onsite,No,45,315
1122,281,8/1/2025,9,Internal,military,Hybrid,No,45,405
1123,756,6/20/2025,6,Internal,exist,Remote,Yes,45,270
1124,828,12/11/2024,7,clienta,film,Hybrid,Yes,30,210
1125,696,5/29/2025,6,clienta,inside,Hybrid,Yes,75,450
1126,926,6/11/2025,8,Research,power,Onsite,Yes,30,240
1127,320,1/20/2024,10,ProjectX,cut,Hybrid,Yes,75,750
1128,298,7/23/2024,9,ClientA,know,Remote,Yes,75,675
1129,4,4/10/2024,6,clienta,difference,Hybrid,No,75,450
1130,824,7/16/2024,7,clienta,job,Remote,No,45,315
1131,743,10/17/2024,9,Research,or,Remote,Yes,60,540
1132,192,3/19/2025,10,CLIENT A,their,Hybrid,No,30,300
1133,682,7/30/2024,8,Research,development,Hybrid,No,30,240
1134,501,1/18/2025,8,clienta,mean,Onsite,Yes,30,240
1135,621,7/3/2024,6,clienta,decade,Hybrid,Yes,60,360
1136,62,1/15/2025,9,Internal,bill,Onsite,Yes,60,540
1137,852,10/7/2024,7,Research,economy,Remote,Yes,45,315
1138,17,2/20/2025,6,ClientA,book,Remote,Yes,45,270
1139,506,8/22/2025,6,Research,film,Hybrid,Yes,30,180
1140,277,10/31/2024,7,ProjectX,seat,Onsite,No,60,420
1141,152,1/22/2024,9,clienta,across,Onsite,Yes,45,405
1142,86,12/29/2024,6,Research,blue,Onsite,Yes,75,450
1143,560,8/23/2024,7,ClientA,small,Hybrid,Yes,75,525
1144,258,8/22/2025,7,ClientA,discussion,Onsite,Yes,75,525
1145,253,6/4/2024,7,clienta,throw,Onsite,Yes,30,210
1146,456,6/24/2025,10,clienta,should,Remote,No,45,450
1147,798,2/5/2024,7,CLIENT A,truth,Remote,No,30,210
1148,45,7/21/2025,9,CLIENT A,cause,Remote,Yes,45,405
1149,702,6/10/2024,6,Research,career,Onsite,Yes,45,270
1150,107,4/7/2024,7,Research,area,Remote,Yes,30,210
1151,176,11/26/2023,6,ClientA,happy,Remote,Yes,75,450
1152,14,3/21/2025,8,Research,forget,Hybrid,No,30,240
1153,887,8/4/2025,6,CLIENT A,recent,Remote,No,30,180
1154,642,12/25/2023,10,Research,and,Hybrid,No,75,750
1155,158,7/29/2025,6,clienta,for,Hybrid,Yes,45,270
1156,733,9/10/2024,7,CLIENT A,necessary,Hybrid,Yes,60,420
1157,36,2/18/2025,7,ClientA,particular,Hybrid,No,45,315
1158,716,12/17/2024,10,Internal,nice,Remote,Yes,45,450
1159,754,8/4/2025,7,CLIENT A,program,Onsite,Yes,60,420
1160,186,9/24/2024,8,ProjectX,would,Hybrid,Yes,60,480
1161,512,2/13/2025,10,CLIENT A,majority,Onsite,No,30,300
1162,12,11/27/2024,6,Internal,their,Hybrid,No,60,360
1163,218,6/13/2024,7,ClientA,listen,Remote,No,60,420
1164,160,2/17/2024,9,ClientA,especially,Onsite,No,60,540
1165,693,9/5/2025,7,Research,education,Onsite,No,60,420
1166,318,9/10/2025,8,clienta,ahead,Onsite,No,30,240
1167,276,2/20/2025,10,clienta,travel,Hybrid,Yes,30,300
1168,988,2/25/2025,8,ProjectX,actually,Onsite,No,45,360
1169,497,3/8/2024,6,Internal,able,Onsite,No,45,270
1170,177,2/24/2025,6,ProjectX,choice,Onsite,Yes,45,270
1171,515,1/18/2025,7,Internal,within,Onsite,Yes,60,420
1172,789,12/28/2024,6,ProjectX,contain,Onsite,No,75,450
1173,220,12/26/2024,6,ClientA,build,Hybrid,No,60,360
1174,288,9/5/2024,10,ProjectX,across,Hybrid,No,30,300
1175,425,1/27/2025,6,clienta,play,Onsite,Yes,60,360
1176,1,3/31/2024,6,ClientA,news,Onsite,No,60,360
1177,365,12/6/2024,6,clienta,official,Remote,Yes,30,180
1178,843,8/6/2024,10,CLIENT A,base,Hybrid,Yes,30,300
1179,135,5/13/2025,10,ProjectX,peace,Remote,No,45,450
1180,90,7/23/2024,6,ClientA,official,Onsite,Yes,30,180
1181,597,5/29/2025,8,CLIENT A,miss,Remote,Yes,30,240
1182,516,11/24/2024,10,ClientA,usually,Remote,No,30,300
1183,710,8/11/2024,6,Research,still,Onsite,No,45,270
1184,838,4/18/2024,8,ProjectX,scene,Onsite,Yes,45,360
1185,821,11/12/2024,6,Internal,have,Remote,No,75,450
1186,379,12/6/2024,7,ProjectX,miss,Remote,No,30,210
1187,463,6/7/2024,6,clienta,individual,Remote,No,30,180
1188,545,11/19/2024,6,Internal,place,Onsite,Yes,30,180
1189,596,10/10/2024,9,ClientA,sea,Hybrid,Yes,75,675
1190,230,12/15/2023,8,CLIENT A,authority,Remote,No,45,360
1191,180,2/18/2024,10,ProjectX,traditional,Onsite,No,45,450
1192,215,1/19/2025,9,Research,fund,Onsite,No,30,270
1193,154,9/8/2024,10,ClientA,program,Onsite,No,60,600
1194,912,5/25/2024,8,CLIENT A,during,Remote,Yes,30,240
1195,872,11/5/2024,6,Research,respond,Remote,Yes,60,360
1196,183,10/28/2025,7,Internal,produce,Onsite,Yes,30,210
1197,108,6/26/2024,10,ClientA,under,Hybrid,No,30,300
1198,438,7/17/2024,8,Internal,mouth,Onsite,Yes,60,480
1199,514,5/28/2024,8,clienta,rise,Remote,No,45,360
1200,396,2/25/2024,8,Research,camera,Remote,Yes,75,600
1201,701,5/6/2025,10,clienta,gas,Onsite,Yes,30,300
1202,975,3/26/2025,8,Research,future,Onsite,No,75,600
1203,157,11/3/2024,6,clienta,site,Remote,Yes,45,270
1204,835,9/27/2024,10,ClientA,rather,Remote,Yes,30,300
1205,763,5/24/2025,8,Research,rich,Onsite,Yes,75,600
1206,30,3/10/2025,10,clienta,student,Hybrid,Yes,45,450
1207,782,11/20/2023,9,CLIENT A,ok,Onsite,No,60,540
1208,801,4/21/2024,6,clienta,as,Remote,Yes,75,450
1209,880,6/15/2025,8,Internal,system,Remote,No,45,360
1210,967,9/13/2025,7,Research,class,Hybrid,Yes,45,315
1211,969,6/15/2025,8,Internal,business,Hybrid,Yes,75,600
1212,847,8/28/2025,7,Research,when,Hybrid,No,60,420
1213,834,10/13/2025,9,CLIENT A,she,Hybrid,Yes,75,675
1214,288,12/20/2024,10,ProjectX,wonder,Hybrid,No,60,600
1215,33,9/2/2025,7,Internal,despite,Onsite,Yes,75,525
1216,966,3/31/2024,10,Internal,strong,Remote,Yes,45,450
1217,331,6/28/2025,7,ProjectX,drop,Onsite,Yes,45,315
1218,623,1/7/2025,10,CLIENT A,boy,Remote,Yes,75,750
1219,844,9/3/2024,10,ClientA,yet,Remote,No,75,750
1220,827,1/5/2024,9,ProjectX,agency,Hybrid,Yes,45,405
1221,737,6/23/2024,7,clienta,government,Remote,Yes,30,210
1222,346,3/16/2024,6,Internal,yes,Remote,Yes,30,180
1223,840,10/3/2025,9,ProjectX,team,Remote,No,45,405
1224,757,12/31/2024,9,Internal,move,Hybrid,No,45,405
1225,810,6/15/2025,10,Research,order,Hybrid,Yes,60,600
1226,208,5/8/2024,6,ClientA,smile,Remote,Yes,45,270
1227,654,10/26/2025,6,Internal,business,Hybrid,No,45,270
1228,35,6/27/2025,6,ProjectX,expert,Hybrid,Yes,60,360
1229,807,9/23/2024,7,ClientA,role,Hybrid,Yes,60,420
1230,450,4/12/2024,9,Research,blue,Hybrid,Yes,45,405
1231,531,12/15/2024,7,clienta,affect,Onsite,No,60,420
1232,767,3/18/2024,8,Research,rich,Hybrid,No,45,360
1233,36,11/28/2023,6,clienta,build,Hybrid,No,30,180
1234,621,6/20/2024,8,Research,issue,Onsite,Yes,75,600
1235,526,7/4/2025,10,ClientA,score,Hybrid,No,60,600
1236,320,12/15/2023,9,ProjectX,government,Onsite,No,30,270
1237,767,12/16/2023,10,clienta,will,Onsite,No,60,600
1238,454,2/10/2024,6,ClientA,break,Remote,No,30,180
1239,678,1/20/2025,10,clienta,manage,Remote,No,45,450
1240,798,8/7/2024,6,Research,child,Onsite,No,75,450
1241,495,10/29/2024,10,ClientA,final,Hybrid,Yes,30,300
1242,350,11/11/2023,8,Internal,wish,Hybrid,Yes,45,360
1243,528,2/4/2025,10,clienta,south,Hybrid,No,30,300
1244,628,10/14/2025,6,ClientA,space,Onsite,No,60,360
1245,726,2/28/2024,6,Internal,one,Remote,Yes,75,450
1246,680,12/24/2024,9,ClientA,station,Remote,No,30,270
1247,407,1/14/2025,6,Internal,sell,Remote,Yes,45,270
1248,900,8/27/2024,8,ClientA,party,Remote,Yes,30,240
1249,50,2/21/2025,8,clienta,garden,Remote,Yes,75,600
1250,412,3/28/2025,8,clienta,pass,Hybrid,Yes,75,600
1251,10,2/20/2024,7,Internal,five,Remote,Yes,30,210
1252,350,6/23/2025,8,CLIENT A,story,Hybrid,Yes,75,600
1253,493,11/26/2023,7,CLIENT A,travel,Hybrid,No,60,420
1254,241,4/8/2024,8,ProjectX,billion,Onsite,No,30,240
1255,557,11/25/2023,8,Research,reason,Onsite,Yes,75,600
1256,500,2/7/2025,10,Research,color,Remote,Yes,45,450
1257,486,12/16/2023,8,Research,rather,Hybrid,No,60,480
1258,741,10/5/2024,7,Research,music,Onsite,No,45,315
1259,291,6/22/2024,9,ProjectX,approach,Hybrid,Yes,45,405
1260,530,5/15/2024,10,ProjectX,husband,Onsite,No,45,450
1261,886,12/24/2023,7,ClientA,garden,Remote,Yes,60,420
1262,184,6/2/2025,6,CLIENT A,huge,Onsite,No,30,180
1263,854,6/30/2025,6,CLIENT A,prepare,Onsite,No,30,180
1264,209,1/31/2024,10,ClientA,herself,Onsite,Yes,30,300
1265,917,8/10/2025,10,ClientA,development,Hybrid,No,45,450
1266,185,9/7/2024,6,Internal,dream,Hybrid,Yes,60,360
1267,941,6/12/2025,10,Internal,buy,Hybrid,No,30,300
1268,669,4/20/2024,8,clienta,record,Remote,Yes,30,240
1269,257,12/28/2023,10,ProjectX,product,Remote,No,45,450
1270,593,3/7/2024,10,CLIENT A,two,Remote,No,45,450
1271,322,12/17/2024,8,Research,down,Onsite,Yes,45,360
1272,134,2/10/2024,7,ClientA,he,Remote,Yes,60,420
1273,981,4/17/2024,9,clienta,summer,Onsite,Yes,45,405
1274,143,9/7/2025,8,CLIENT A,fear,Onsite,No,60,480
1275,711,2/18/2024,6,CLIENT A,often,Hybrid,Yes,60,360
1276,386,12/25/2023,9,CLIENT A,group,Remote,Yes,75,675
1277,955,4/24/2024,7,CLIENT A,poor,Onsite,Yes,45,315
1278,613,10/18/2024,6,CLIENT A,some,Onsite,Yes,75,450
1279,348,4/8/2025,8,Research,religious,Remote,No,45,360
1280,711,10/3/2025,10,Internal,foreign,Hybrid,No,60,600
1281,731,1/2/2024,10,ProjectX,table,Onsite,No,60,600
1282,197,2/20/2024,8,CLIENT A,score,Remote,No,30,240
1283,291,10/9/2024,9,ProjectX,sea,Remote,No,45,405
1284,421,8/1/2025,10,ClientA,opportunity,Onsite,Yes,45,450
1285,538,6/5/2024,7,CLIENT A,kitchen,Onsite,No,75,525
1286,243,10/2/2025,9,Research,relationship,Remote,Yes,60,540
1287,658,4/29/2024,10,Research,design,Hybrid,Yes,45,450
1288,701,12/12/2023,7,clienta,condition,Remote,Yes,75,525
1289,378,1/16/2024,10,ProjectX,visit,Onsite,No,75,750
1290,169,12/16/2024,9,CLIENT A,particular,Remote,Yes,30,270
1291,98,2/22/2024,8,Research,dog,Onsite,No,60,480
1292,328,3/3/2024,8,Research,suggest,Remote,No,45,360
1293,922,12/15/2024,6,clienta,kind,Remote,No,45,270
1294,579,8/21/2025,7,Internal,certain,Onsite,Yes,30,210
1295,760,11/17/2023,8,Internal,theory,Remote,Yes,60,480
1296,627,7/7/2025,6,ClientA,medical,Remote,Yes,60,360
1297,18,4/22/2025,7,ProjectX,throughout,Hybrid,No,45,315
1298,758,12/18/2023,7,clienta,wrong,Remote,Yes,75,525
1299,924,12/6/2023,10,CLIENT A,reach,Onsite,No,45,450
1300,737,4/23/2025,8,clienta,wait,Remote,Yes,75,600
1301,818,2/27/2024,9,Research,become,Hybrid,Yes,60,540
1302,29,11/28/2024,9,ProjectX,travel,Remote,No,60,540
1303,373,12/13/2023,8,CLIENT A,interview,Onsite,Yes,75,600
1304,765,9/10/2024,10,Internal,what,Hybrid,Yes,60,600
1305,86,10/14/2025,10,ProjectX,issue,Hybrid,No,75,750
1306,924,12/30/2024,7,Internal,whole,Hybrid,No,30,210
1307,125,9/16/2024,6,Research,fine,Hybrid,Yes,30,180
1308,546,12/17/2023,7,CLIENT A,never,Onsite,Yes,30,210
1309,628,2/12/2024,7,Internal,mean,Onsite,No,60,420
1310,824,10/3/2024,7,CLIENT A,between,Hybrid,Yes,60,420
1311,482,6/14/2024,7,CLIENT A,upon,Hybrid,Yes,75,525
1312,220,10/3/2025,8,Internal,involve,Hybrid,No,60,480
1313,290,2/23/2025,6,ClientA,not,Onsite,Yes,45,270
1314,514,7/22/2025,10,CLIENT A,interesting,Remote,Yes,30,300
1315,529,4/9/2024,8,CLIENT A,card,Hybrid,No,75,600
1316,242,11/21/2023,7,CLIENT A,score,Remote,Yes,75,525
1317,600,8/18/2025,6,Research,possible,Remote,No,30,180
1318,713,6/22/2025,6,ClientA,look,Remote,Yes,75,450
1319,123,10/14/2024,7,ProjectX,three,Onsite,No,60,420
1320,411,4/1/2025,6,Research,officer,Onsite,No,45,270
1321,274,8/13/2024,9,Internal,personal,Hybrid,No,60,540
1322,572,5/9/2024,9,CLIENT A,cut,Hybrid,No,75,675
1323,820,9/20/2024,8,CLIENT A,democratic,Hybrid,No,75,600
1324,677,5/30/2025,8,Research,on,Hybrid,Yes,30,240
1325,97,1/24/2025,6,ProjectX,sister,Hybrid,No,75,450
1326,488,8/20/2024,8,ClientA,best,Hybrid,Yes,30,240
1327,393,5/8/2024,8,Research,color,Onsite,No,60,480
1328,974,1/16/2024,7,clienta,over,Remote,No,60,420
1329,309,4/2/2025,7,ClientA,manage,Onsite,No,30,210
1330,181,5/2/2025,9,clienta,money,Hybrid,No,75,675
1331,237,3/16/2025,7,ProjectX,professor,Hybrid,No,30,210
1332,9,6/2/2025,7,Research,board,Onsite,No,60,420
1333,74,1/19/2025,8,Internal,produce,Hybrid,No,30,240
1334,926,4/10/2025,10,ClientA,success,Remote,Yes,60,600
1335,688,5/10/2024,9,clienta,standard,Remote,No,30,270
1336,354,12/13/2023,8,CLIENT A,prepare,Hybrid,Yes,30,240
1337,621,7/26/2024,10,ClientA,serious,Remote,No,75,750
1338,526,8/6/2025,10,Internal,her,Onsite,Yes,45,450
1339,234,10/7/2024,9,Internal,movie,Onsite,No,45,405
1340,421,7/16/2025,8,ProjectX,director,Remote,Yes,60,480
1341,167,12/25/2023,7,ProjectX,goal,Onsite,Yes,60,420
1342,321,1/7/2025,6,Internal,bag,Hybrid,No,60,360
1343,239,6/25/2025,9,ProjectX,arm,Hybrid,No,60,540
1344,983,6/8/2024,6,Internal,child,Hybrid,No,45,270
1345,439,10/16/2025,7,ClientA,myself,Hybrid,Yes,60,420
1346,308,11/10/2023,9,ProjectX,left,Onsite,Yes,60,540
1347,156,8/19/2025,7,ClientA,without,Remote,Yes,30,210
1348,97,10/30/2024,9,clienta,still,Hybrid,Yes,75,675
1349,655,12/22/2023,7,ClientA,eight,Hybrid,No,45,315
1350,499,5/29/2024,10,ProjectX,behavior,Hybrid,Yes,60,600
1351,93,4/1/2024,8,Internal,feeling,Remote,Yes,60,480
1352,744,12/6/2024,10,Research,social,Onsite,Yes,60,600
1353,987,10/14/2025,7,clienta,should,Hybrid,No,45,315
1354,700,2/3/2025,10,ClientA,agent,Hybrid,Yes,60,600
1355,868,9/28/2024,7,ClientA,himself,Onsite,No,45,315
1356,905,5/3/2024,8,ClientA,brother,Remote,Yes,45,360
1357,257,9/30/2025,6,ClientA,production,Remote,No,75,450
1358,348,7/23/2024,8,CLIENT A,director,Onsite,No,30,240
1359,103,6/7/2025,7,Research,race,Remote,Yes,45,315
1360,502,11/28/2023,7,ClientA,market,Hybrid,Yes,75,525
1361,776,12/7/2023,6,ClientA,next,Remote,Yes,75,450
1362,693,8/30/2025,9,Research,line,Onsite,Yes,75,675
1363,875,7/21/2024,8,ClientA,middle,Onsite,Yes,30,240
1364,684,9/26/2025,7,Internal,water,Onsite,No,45,315
1365,894,5/13/2024,9,ClientA,decision,Hybrid,No,60,540
1366,60,5/20/2025,10,CLIENT A,new,Onsite,Yes,60,600
1367,877,10/27/2025,10,CLIENT A,serve,Onsite,Yes,30,300
1368,3,3/4/2025,8,clienta,receive,Onsite,No,30,240
1369,689,6/11/2025,7,Research,clearly,Onsite,Yes,30,210
1370,426,3/5/2025,10,ProjectX,recent,Hybrid,No,30,300
1371,839,5/16/2024,8,clienta,different,Hybrid,No,45,360
1372,217,12/9/2023,9,clienta,record,Hybrid,No,75,675
1373,58,10/19/2025,8,CLIENT A,include,Remote,No,60,480
1374,956,4/8/2025,9,clienta,American,Hybrid,Yes,75,675
1375,962,9/6/2024,10,CLIENT A,attention,Hybrid,Yes,75,750
1376,249,2/12/2024,10,Internal,direction,Hybrid,Yes,75,750
1377,451,10/17/2024,10,ProjectX,war,Hybrid,Yes,45,450
1378,905,6/14/2024,10,Internal,social,Remote,No,30,300
1379,71,2/8/2024,7,CLIENT A,free,Onsite,Yes,75,525
1380,16,6/21/2025,8,Research,individual,Remote,Yes,30,240
1381,178,8/13/2024,10,clienta,own,Remote,No,75,750
1382,195,10/20/2025,6,ProjectX,attack,Hybrid,No,60,360
1383,112,2/9/2025,10,Internal,authority,Remote,Yes,60,600
1384,811,11/1/2025,7,CLIENT A,official,Remote,No,30,210
1385,480,10/3/2024,9,clienta,movie,Remote,No,45,405
1386,542,4/4/2024,6,Research,later,Remote,Yes,30,180
1387,679,9/4/2024,10,Internal,continue,Hybrid,No,45,450
1388,627,8/14/2025,8,Internal,enough,Onsite,No,75,600
1389,36,8/29/2025,6,Internal,sense,Remote,No,45,270
1390,629,7/14/2024,9,Research,at,Hybrid,Yes,60,540
1391,738,6/22/2024,6,Research,son,Remote,No,45,270
1392,863,12/11/2023,6,ClientA,laugh,Onsite,Yes,60,360
1393,987,7/16/2025,9,clienta,range,Remote,Yes,30,270
1394,917,7/12/2025,7,Internal,Mrs,Hybrid,No,60,420
1395,479,4/3/2025,6,ClientA,clear,Hybrid,No,45,270
1396,725,4/28/2025,9,clienta,place,Remote,No,45,405
1397,931,7/17/2024,9,clienta,risk,Onsite,No,30,270
1398,941,4/19/2024,7,Internal,real,Onsite,Yes,30,210
1399,657,4/11/2024,7,clienta,serious,Onsite,Yes,60,420
1400,350,6/16/2025,8,ClientA,memory,Hybrid,Yes,30,240
1401,257,5/28/2024,9,CLIENT A,family,Hybrid,Yes,60,540
1402,630,8/30/2025,10,Research,kid,Remote,No,60,600
1403,339,11/13/2024,6,Research,up,Onsite,No,30,180
1404,579,7/19/2025,10,ClientA,safe,Remote,Yes,60,600
1405,717,1/27/2024,8,Internal,through,Hybrid,No,45,360
1406,277,2/1/2025,7,CLIENT A,perhaps,Remote,No,30,210
1407,363,11/17/2024,10,ProjectX,past,Remote,No,45,450
1408,961,12/23/2023,10,Internal,physical,Hybrid,No,60,600
1409,132,8/25/2024,7,Research,indeed,Onsite,No,60,420
1410,528,8/5/2024,10,Research,product,Remote,Yes,75,750
1411,730,6/25/2024,8,Research,around,Remote,Yes,60,480
1412,595,8/17/2024,7,Internal,learn,Remote,Yes,45,315
1413,933,10/23/2024,9,ClientA,consider,Onsite,Yes,45,405
1414,595,10/27/2025,8,Internal,cost,Remote,Yes,60,480
1415,24,10/5/2024,7,Research,the,Remote,Yes,60,420
1416,706,1/17/2024,6,Research,he,Onsite,Yes,45,270
1417,183,1/18/2024,6,ClientA,central,Hybrid,No,30,180
1418,165,9/18/2024,6,CLIENT A,red,Hybrid,Yes,75,450
1419,535,1/14/2025,6,Research,strategy,Onsite,Yes,60,360
1420,381,5/1/2024,7,clienta,compare,Hybrid,Yes,30,210
1421,27,10/11/2025,10,ProjectX,safe,Hybrid,No,45,450
1422,648,12/22/2024,9,CLIENT A,manage,Onsite,No,45,405
1423,624,1/7/2024,10,ClientA,many,Onsite,No,30,300
1424,844,6/15/2025,8,ProjectX,always,Remote,No,30,240
1425,237,4/7/2025,9,ProjectX,walk,Hybrid,No,45,405
1426,505,10/7/2024,9,ProjectX,road,Onsite,No,75,675
1427,251,3/12/2025,9,Research,product,Hybrid,Yes,45,405
1428,765,11/26/2024,9,clienta,knowledge,Hybrid,Yes,60,540
1429,903,9/1/2024,6,Internal,most,Hybrid,Yes,75,450
1430,915,2/17/2025,6,CLIENT A,candidate,Hybrid,Yes,30,180
1431,922,3/27/2024,10,ClientA,decide,Onsite,Yes,45,450
1432,492,7/6/2025,7,Research,get,Onsite,No,45,315
1433,751,8/27/2025,7,CLIENT A,adult,Hybrid,No,60,420
1434,279,12/14/2023,8,ProjectX,hot,Onsite,No,60,480
1435,507,7/8/2025,8,Internal,about,Onsite,Yes,30,240
1436,360,12/13/2024,7,clienta,add,Remote,No,45,315
1437,597,4/21/2024,9,Internal,level,Remote,Yes,75,675
1438,624,1/6/2024,6,ClientA,wait,Hybrid,No,45,270
1439,696,4/3/2024,10,CLIENT A,mouth,Remote,No,75,750
1440,578,9/26/2024,9,ProjectX,alone,Hybrid,No,60,540
1441,496,12/23/2023,7,ProjectX,scientist,Hybrid,No,45,315
1442,447,3/5/2025,10,ProjectX,sometimes,Onsite,Yes,45,450
1443,674,7/21/2025,6,CLIENT A,subject,Onsite,Yes,60,360
1444,776,6/13/2024,7,clienta,son,Onsite,No,45,315
1445,455,9/24/2024,7,ClientA,television,Remote,Yes,60,420
1446,355,2/13/2024,10,Internal,agency,Remote,Yes,60,600
1447,245,9/27/2024,10,Internal,green,Remote,Yes,60,600
1448,169,4/17/2024,8,ClientA,mother,Remote,No,45,360
1449,816,6/28/2024,6,ProjectX,financial,Hybrid,No,30,180
1450,751,8/19/2024,8,Internal,beyond,Hybrid,Yes,45,360
1451,639,1/21/2025,8,ProjectX,save,Onsite,No,45,360
1452,9,8/12/2024,9,ClientA,end,Hybrid,Yes,75,675
1453,537,4/20/2024,10,ClientA,them,Remote,Yes,60,600
1454,887,2/5/2025,9,Research,believe,Remote,Yes,30,270
1455,279,12/23/2024,10,clienta,law,Onsite,Yes,60,600
1456,350,1/25/2024,6,ClientA,hospital,Onsite,No,45,270
1457,5,11/24/2023,7,clienta,baby,Onsite,No,60,420
1458,529,2/28/2025,7,Research,difficult,Onsite,No,45,315
1459,855,5/10/2024,6,ProjectX,personal,Remote,Yes,75,450
1460,546,2/20/2025,10,clienta,budget,Onsite,No,75,750
1461,49,10/6/2025,10,ProjectX,lead,Hybrid,Yes,75,750
1462,163,10/10/2024,6,ClientA,likely,Remote,No,30,180
1463,573,8/12/2024,9,ClientA,that,Onsite,No,30,270
1464,655,11/23/2024,6,clienta,fire,Remote,No,30,180
1465,470,1/12/2025,9,Research,rich,Remote,No,60,540
1466,82,3/2/2025,9,Internal,edge,Hybrid,No,75,675
1467,891,7/31/2025,9,Research,civil,Remote,No,45,405
1468,690,2/12/2024,10,clienta,something,Remote,No,75,750
1469,841,11/23/2024,9,Research,its,Hybrid,No,45,405
1470,62,2/12/2024,9,CLIENT A,sense,Onsite,No,60,540
1471,565,10/29/2025,10,ProjectX,during,Onsite,Yes,75,750
1472,927,4/8/2025,6,Internal,be,Hybrid,Yes,60,360
1473,151,1/3/2024,8,CLIENT A,total,Onsite,Yes,30,240
1474,223,11/19/2024,9,clienta,do,Remote,No,75,675
1475,317,10/15/2024,8,ClientA,sing,Onsite,No,30,240
1476,711,10/27/2025,9,Internal,cultural,Onsite,No,60,540
1477,254,7/6/2025,9,Research,season,Onsite,Yes,75,675
1478,711,9/29/2025,9,CLIENT A,course,Hybrid,Yes,75,675
1479,477,1/30/2024,8,Research,standard,Hybrid,Yes,45,360
1480,217,3/22/2025,10,CLIENT A,nation,Hybrid,Yes,45,450
1481,634,12/24/2024,7,CLIENT A,plan,Remote,Yes,75,525
1482,763,3/1/2024,9,CLIENT A,four,Onsite,Yes,75,675
1483,948,3/18/2024,9,clienta,population,Onsite,No,75,675
1484,213,7/21/2025,8,Internal,five,Onsite,Yes,45,360
1485,562,9/15/2025,10,Research,remain,Onsite,No,30,300
1486,161,8/26/2025,9,Research,measure,Onsite,Yes,75,675
1487,453,2/20/2025,6,ProjectX,early,Onsite,No,60,360
1488,485,9/26/2025,7,ClientA,long,Remote,Yes,45,315
1489,861,2/29/2024,6,ClientA,huge,Remote,Yes,60,360
1490,287,11/17/2024,10,CLIENT A,party,Hybrid,No,60,600
1491,800,2/26/2024,6,Research,worry,Onsite,Yes,30,180
1492,467,7/30/2025,6,Internal,music,Onsite,Yes,75,450
1493,264,11/6/2024,6,Research,if,Remote,No,45,270
1494,470,2/26/2024,10,CLIENT A,kind,Onsite,Yes,30,300
1495,618,3/4/2024,6,clienta,type,Onsite,Yes,30,180
1496,361,10/12/2025,7,ClientA,president,Hybrid,No,60,420
1497,282,1/25/2025,9,Research,how,Hybrid,No,30,270
1498,109,1/9/2024,10,Research,road,Remote,No,45,450
1499,341,8/23/2024,10,CLIENT A,establish,Onsite,Yes,75,750
1500,314,10/2/2025,10,clienta,positive,Onsite,Yes,60,600
1501,482,10/30/2025,7,CLIENT A,decision,Hybrid,No,30,210
1502,48,4/11/2024,7,ClientA,cost,Onsite,Yes,60,420
1503,173,9/26/2024,7,Research,upon,Onsite,Yes,60,420
1504,35,6/28/2024,6,ProjectX,yeah,Onsite,No,45,270
1505,268,10/14/2025,8,clienta,real,Onsite,Yes,30,240
1506,947,2/14/2024,6,ClientA,third,Remote,No,60,360
1507,190,4/23/2024,8,ClientA,oil,Onsite,No,45,360
1508,88,6/12/2025,10,Research,without,Onsite,Yes,60,600
1509,388,3/30/2025,8,ProjectX,bill,Hybrid,Yes,30,240
1510,116,3/3/2024,10,CLIENT A,writer,Remote,Yes,45,450
1511,462,3/4/2025,9,CLIENT A,suddenly,Remote,Yes,45,405
1512,596,4/3/2025,10,ClientA,yes,Remote,No,30,300
1513,24,10/5/2025,9,ProjectX,grow,Hybrid,No,30,270
1514,967,6/30/2024,9,clienta,him,Onsite,Yes,60,540
1515,61,11/22/2023,6,CLIENT A,usually,Onsite,Yes,45,270
1516,713,10/19/2025,9,clienta,even,Hybrid,No,45,405
1517,886,7/4/2024,8,Internal,now,Onsite,Yes,75,600
1518,189,9/10/2025,10,Internal,because,Onsite,Yes,45,450
1519,271,7/16/2025,8,Internal,common,Hybrid,Yes,75,600
1520,89,1/24/2024,8,Internal,short,Hybrid,Yes,45,360
1521,155,1/8/2024,9,Research,view,Hybrid,No,30,270
1522,695,7/1/2025,8,Research,authority,Hybrid,No,75,600
1523,475,5/11/2024,7,ProjectX,attack,Onsite,No,30,210
1524,250,10/19/2024,8,CLIENT A,question,Hybrid,Yes,60,480
1525,683,2/17/2024,6,ClientA,mission,Hybrid,No,30,180
1526,172,7/5/2024,8,CLIENT A,trip,Onsite,Yes,75,600
1527,570,1/29/2025,10,Internal,start,Onsite,Yes,30,300
1528,442,12/15/2024,6,ClientA,administration,Remote,No,75,450
1529,412,4/18/2025,7,clienta,brother,Hybrid,No,45,315
1530,52,2/17/2025,7,Internal,wonder,Hybrid,Yes,45,315
1531,867,9/11/2024,8,ProjectX,after,Hybrid,No,75,600
1532,718,10/11/2025,10,clienta,thank,Hybrid,Yes,45,450
1533,655,9/25/2025,7,ClientA,treat,Onsite,No,45,315
1534,268,8/14/2025,7,Research,wait,Onsite,No,45,315
1535,781,2/8/2025,10,ClientA,heart,Hybrid,Yes,60,600
1536,460,2/20/2025,9,Internal,east,Onsite,Yes,75,675
1537,829,7/23/2024,6,ClientA,kid,Hybrid,Yes,30,180
1538,765,11/8/2023,7,CLIENT A,difficult,Remote,Yes,30,210
1539,523,3/9/2024,6,Internal,walk,Remote,No,60,360
1540,512,11/12/2023,9,ProjectX,they,Onsite,No,75,675
1541,7,11/8/2023,6,Research,city,Hybrid,Yes,30,180
1542,559,12/14/2023,6,Research,late,Onsite,No,75,450
1543,862,7/26/2025,10,ClientA,strong,Hybrid,No,75,750
1544,202,2/26/2025,8,ClientA,whatever,Hybrid,No,45,360
1545,47,3/29/2024,7,CLIENT A,build,Remote,No,60,420
1546,328,9/16/2024,6,ProjectX,pass,Remote,No,45,270
1547,513,4/3/2024,8,ProjectX,be,Remote,No,45,360
1548,647,8/3/2025,7,ClientA,you,Remote,Yes,30,210
1549,232,5/22/2025,8,Internal,start,Hybrid,No,45,360
1550,811,6/18/2024,10,ClientA,interest,Onsite,Yes,60,600
1551,181,8/31/2025,7,ProjectX,nearly,Remote,No,30,210
1552,388,12/16/2023,8,CLIENT A,school,Hybrid,Yes,30,240
1553,795,1/23/2024,9,ProjectX,within,Remote,Yes,60,540
1554,384,4/9/2024,9,ClientA,manage,Hybrid,No,45,405
1555,312,11/14/2024,10,Internal,tough,Remote,No,75,750
1556,152,8/30/2024,10,Research,listen,Onsite,Yes,30,300
1557,76,2/12/2024,7,ClientA,join,Hybrid,No,30,210
1558,406,9/16/2024,9,ClientA,administration,Onsite,No,75,675
1559,837,2/15/2024,8,Internal,let,Remote,No,30,240
1560,891,1/27/2024,9,CLIENT A,spring,Onsite,No,45,405
1561,12,10/19/2024,6,CLIENT A,wife,Remote,No,60,360
1562,489,8/21/2025,8,ClientA,them,Remote,Yes,60,480
1563,651,2/17/2024,8,CLIENT A,situation,Hybrid,Yes,60,480
1564,644,7/30/2025,7,CLIENT A,customer,Hybrid,Yes,45,315
1565,295,10/17/2024,9,Research,fast,Remote,Yes,60,540
1566,464,8/24/2025,8,CLIENT A,thus,Remote,No,60,480
1567,219,7/13/2025,7,clienta,eat,Onsite,No,30,210
1568,822,4/23/2025,7,ClientA,claim,Onsite,Yes,60,420
1569,90,11/13/2024,9,ClientA,sometimes,Onsite,No,30,270
1570,32,1/12/2025,8,Research,cover,Onsite,Yes,60,480
1571,13,4/16/2024,9,ClientA,name,Remote,Yes,30,270
1572,852,1/3/2024,7,ProjectX,professor,Hybrid,No,60,420
1573,722,1/30/2025,6,ProjectX,serious,Onsite,No,30,180
1574,278,10/8/2025,9,Research,yeah,Hybrid,No,60,540
1575,833,3/23/2025,9,CLIENT A,add,Remote,No,45,405
1576,697,2/8/2024,8,clienta,north,Onsite,No,60,480
1577,371,6/4/2025,10,Research,kid,Onsite,Yes,30,300
1578,186,2/1/2024,9,ProjectX,role,Onsite,No,45,405
1579,604,12/10/2023,6,CLIENT A,white,Remote,Yes,30,180
1580,220,11/21/2024,8,ClientA,until,Remote,Yes,45,360
1581,149,3/29/2024,8,Internal,town,Hybrid,Yes,75,600
1582,649,4/17/2024,9,clienta,similar,Hybrid,No,30,270
1583,948,10/30/2025,10,CLIENT A,music,Hybrid,No,60,600
1584,414,9/13/2024,9,Internal,recent,Remote,No,30,270
1585,883,6/5/2025,7,ProjectX,eight,Onsite,Yes,60,420
1586,217,12/26/2023,9,ProjectX,vote,Hybrid,Yes,30,270
1587,768,5/29/2024,9,Internal,certain,Remote,Yes,60,540
1588,883,10/19/2025,10,ProjectX,apply,Hybrid,Yes,30,300
1589,709,3/28/2025,10,Research,few,Hybrid,No,60,600
1590,471,5/1/2024,6,ClientA,develop,Onsite,No,60,360
1591,240,9/14/2024,7,Internal,myself,Onsite,No,60,420
1592,459,1/31/2024,6,Internal,on,Hybrid,Yes,45,270
1593,413,10/22/2025,6,CLIENT A,myself,Hybrid,No,60,360
1594,291,4/26/2024,6,clienta,happy,Onsite,No,60,360
1595,662,2/14/2024,9,Research,minute,Hybrid,Yes,75,675
1596,771,8/27/2024,7,ProjectX,institution,Onsite,No,30,210
1597,157,6/29/2025,9,ClientA,position,Remote,No,60,540
1598,683,12/31/2023,10,clienta,specific,Hybrid,Yes,45,450
1599,193,6/28/2025,10,Research,everything,Hybrid,No,45,450
1600,371,7/27/2024,6,Internal,bag,Hybrid,Yes,75,450
1601,652,1/2/2024,8,clienta,describe,Hybrid,Yes,75,600
1602,83,3/30/2024,7,ProjectX,begin,Onsite,Yes,60,420
1603,244,5/9/2025,8,clienta,drug,Hybrid,Yes,45,360
1604,456,2/28/2025,6,ClientA,already,Onsite,Yes,30,180
1605,857,9/5/2024,7,clienta,including,Hybrid,Yes,45,315
1606,424,7/18/2024,6,CLIENT A,court,Hybrid,No,45,270
1607,689,11/16/2023,7,clienta,quickly,Hybrid,No,30,210
1608,676,12/25/2023,7,CLIENT A,less,Hybrid,Yes,30,210
1609,318,7/28/2025,9,ProjectX,weight,Remote,No,75,675
1610,805,11/28/2023,10,Research,anyone,Onsite,No,75,750
1611,247,3/9/2024,10,ClientA,son,Remote,Yes,60,600
1612,869,2/26/2024,7,clienta,into,Onsite,Yes,45,315
1613,958,3/17/2025,6,Internal,also,Remote,Yes,60,360
1614,516,11/14/2023,6,Research,key,Remote,No,75,450
1615,594,8/4/2024,10,ClientA,color,Onsite,Yes,75,750
1616,644,4/29/2024,9,Internal,possible,Onsite,Yes,30,270
1617,761,4/20/2025,7,CLIENT A,pick,Onsite,Yes,30,210
1618,895,7/13/2024,9,Internal,business,Hybrid,Yes,75,675
1619,43,1/24/2025,6,ClientA,example,Remote,Yes,60,360
1620,742,12/30/2023,7,Research,step,Hybrid,No,45,315
1621,299,9/22/2025,9,clienta,recently,Hybrid,Yes,75,675
1622,666,4/24/2024,9,clienta,rest,Remote,No,75,675
1623,107,6/7/2024,7,Internal,describe,Remote,No,75,525
1624,364,8/17/2025,9,ClientA,there,Remote,No,30,270
1625,496,7/9/2024,10,ClientA,one,Remote,Yes,75,750
1626,343,6/23/2024,8,clienta,beat,Hybrid,Yes,75,600
1627,657,3/31/2025,10,Research,little,Hybrid,Yes,45,450
1628,263,4/21/2024,6,clienta,surface,Onsite,No,75,450
1629,272,5/17/2024,10,CLIENT A,audience,Onsite,No,30,300
1630,915,4/16/2024,10,ClientA,affect,Remote,Yes,45,450
1631,272,6/4/2024,6,ProjectX,so,Onsite,No,60,360
1632,709,9/4/2024,8,Research,deep,Hybrid,No,75,600
1633,777,5/14/2024,10,ClientA,resource,Hybrid,Yes,75,750
1634,607,1/9/2025,8,ProjectX,conference,Remote,No,45,360
1635,663,11/26/2023,8,CLIENT A,small,Remote,No,45,360
1636,465,12/13/2024,7,Research,team,Hybrid,No,30,210
1637,509,6/22/2024,10,ClientA,baby,Hybrid,Yes,30,300
1638,108,3/4/2025,10,clienta,than,Remote,No,45,450
1639,723,4/13/2025,7,clienta,world,Remote,No,30,210
1640,431,8/22/2024,6,CLIENT A,garden,Onsite,Yes,30,180
1641,352,5/18/2024,8,Research,grow,Hybrid,No,30,240
1642,903,2/23/2025,10,ClientA,direction,Hybrid,Yes,60,600
1643,478,4/13/2025,9,CLIENT A,charge,Onsite,Yes,45,405
1644,720,10/2/2025,10,CLIENT A,physical,Onsite,No,60,600
1645,45,6/30/2025,6,ProjectX,know,Onsite,Yes,60,360
1646,236,2/4/2024,7,clienta,appear,Onsite,Yes,45,315
1647,66,5/7/2025,6,ClientA,late,Remote,No,45,270
1648,58,1/13/2025,8,Internal,between,Hybrid,No,45,360
1649,799,12/5/2023,9,Internal,rich,Remote,Yes,45,405
1650,371,3/26/2025,8,Research,road,Onsite,No,30,240
1651,393,7/23/2025,6,ClientA,heavy,Onsite,No,45,270
1652,865,8/20/2025,7,ProjectX,record,Remote,Yes,30,210
1653,442,1/13/2024,9,clienta,different,Onsite,No,30,270
1654,569,4/15/2024,10,Research,tonight,Remote,Yes,45,450
1655,422,8/10/2024,8,ProjectX,direction,Onsite,Yes,75,600
1656,862,12/6/2024,6,ClientA,sea,Hybrid,Yes,60,360
1657,497,4/28/2024,7,ClientA,edge,Remote,Yes,30,210
1658,724,9/7/2025,7,clienta,keep,Hybrid,No,45,315
1659,840,2/10/2024,7,ClientA,recently,Onsite,Yes,75,525
1660,302,2/7/2024,7,CLIENT A,man,Onsite,No,75,525
1661,886,2/15/2025,8,Research,imagine,Remote,No,30,240
1662,394,3/30/2024,7,Research,range,Onsite,No,30,210
1663,258,9/5/2025,7,CLIENT A,voice,Hybrid,Yes,30,210
1664,865,11/11/2024,7,ProjectX,person,Remote,No,75,525
1665,266,8/6/2024,10,clienta,outside,Onsite,Yes,45,450
1666,650,12/5/2023,9,CLIENT A,moment,Onsite,Yes,75,675
1667,246,8/28/2025,10,CLIENT A,easy,Remote,Yes,75,750
1668,575,4/1/2025,10,ClientA,different,Remote,Yes,45,450
1669,95,3/16/2025,6,clienta,find,Remote,No,75,450
1670,177,2/13/2025,9,clienta,join,Remote,Yes,60,540
1671,731,8/17/2025,8,Internal,able,Remote,Yes,75,600
1672,385,1/6/2024,6,Internal,large,Hybrid,Yes,30,180
1673,734,4/7/2025,7,Research,level,Onsite,Yes,30,210
1674,794,11/2/2024,8,Internal,factor,Remote,No,45,360
1675,160,3/27/2025,6,ProjectX,power,Remote,Yes,30,180
1676,719,3/12/2025,8,ProjectX,again,Remote,No,45,360
1677,99,10/9/2025,9,ProjectX,item,Hybrid,No,30,270
1678,740,1/8/2025,9,Research,stay,Hybrid,Yes,60,540
1679,844,12/4/2023,6,clienta,seek,Onsite,No,45,270
1680,156,8/16/2024,6,Research,three,Onsite,Yes,45,270
1681,444,3/6/2025,10,ClientA,pick,Hybrid,No,75,750
1682,478,7/3/2025,7,Internal,though,Hybrid,No,60,420
1683,806,3/9/2025,9,clienta,floor,Remote,Yes,75,675
1684,585,2/8/2025,7,Research,score,Hybrid,No,30,210
1685,485,3/21/2024,10,Internal,memory,Remote,Yes,75,750
1686,387,2/24/2025,8,clienta,economy,Hybrid,Yes,45,360
1687,746,6/15/2025,10,clienta,start,Remote,No,45,450
1688,143,11/29/2024,7,Internal,account,Onsite,Yes,45,315
1689,898,4/21/2025,8,ClientA,control,Onsite,No,45,360
1690,553,7/7/2024,10,ProjectX,third,Onsite,Yes,30,300
1691,599,1/9/2025,7,ProjectX,describe,Onsite,Yes,75,525
1692,910,7/30/2025,9,clienta,population,Remote,Yes,60,540
1693,277,4/27/2025,8,clienta,show,Onsite,No,45,360
1694,973,4/4/2025,10,Research,office,Onsite,No,45,450
1695,281,10/8/2024,9,Internal,evidence,Remote,No,30,270
1696,270,8/15/2025,9,clienta,bring,Remote,No,75,675
1697,482,7/28/2025,10,clienta,doctor,Onsite,Yes,75,750
1698,49,7/4/2024,6,CLIENT A,very,Hybrid,Yes,30,180
1699,772,6/27/2025,10,ClientA,last,Remote,Yes,75,750
1700,415,6/7/2024,7,Internal,common,Onsite,No,60,420
1701,528,1/11/2025,10,CLIENT A,floor,Remote,Yes,60,600
1702,863,10/3/2024,6,ClientA,positive,Remote,No,45,270
1703,20,7/18/2025,6,ClientA,maintain,Onsite,No,75,450
1704,459,10/28/2024,9,clienta,child,Remote,Yes,60,540
1705,265,8/17/2024,8,clienta,old,Remote,No,45,360
1706,696,2/24/2024,6,CLIENT A,life,Onsite,No,75,450
1707,596,8/13/2024,6,CLIENT A,woman,Hybrid,Yes,45,270
1708,782,8/18/2024,7,ClientA,growth,Onsite,Yes,45,315
1709,375,10/31/2024,6,ClientA,though,Hybrid,Yes,30,180
1710,714,9/30/2025,8,clienta,fine,Onsite,No,75,600
1711,190,2/18/2025,6,ClientA,and,Onsite,Yes,60,360
1712,643,10/25/2025,9,ProjectX,remember,Remote,Yes,60,540
1713,454,8/5/2025,8,clienta,best,Hybrid,No,75,600
1714,335,7/1/2024,7,Research,fast,Hybrid,No,75,525
1715,935,1/1/2025,7,CLIENT A,say,Onsite,No,60,420
1716,848,8/25/2025,7,CLIENT A,short,Onsite,Yes,75,525
1717,870,7/21/2025,8,Internal,join,Hybrid,Yes,75,600
1718,692,4/14/2025,6,clienta,question,Hybrid,No,60,360
1719,76,7/29/2024,6,Research,important,Remote,Yes,75,450
1720,108,7/1/2025,6,Internal,board,Remote,Yes,75,450
1721,677,2/5/2024,10,Internal,activity,Hybrid,No,75,750
1722,637,3/3/2025,7,ClientA,agency,Hybrid,Yes,45,315
1723,764,5/8/2025,10,Research,alone,Onsite,No,30,300
1724,904,2/4/2025,8,ProjectX,year,Hybrid,No,60,480
1725,379,6/16/2025,6,Internal,happy,Hybrid,Yes,75,450
1726,193,7/25/2025,8,CLIENT A,to,Remote,Yes,75,600
1727,118,1/26/2025,9,Internal,well,Hybrid,No,30,270
1728,247,10/14/2025,10,Internal,various,Remote,Yes,75,750
1729,928,2/24/2025,10,Internal,any,Onsite,No,60,600
1730,536,11/20/2024,8,ProjectX,bill,Hybrid,No,45,360
1731,714,11/18/2024,7,clienta,eight,Remote,Yes,60,420
1732,703,2/28/2025,7,ClientA,five,Onsite,Yes,30,210
1733,570,3/10/2025,10,ClientA,pressure,Remote,Yes,30,300
1734,862,11/3/2024,7,clienta,allow,Remote,Yes,30,210
1735,184,4/26/2024,10,CLIENT A,kitchen,Remote,Yes,30,300
1736,701,6/10/2024,9,Research,data,Onsite,No,45,405
1737,980,7/31/2024,8,ProjectX,worker,Remote,No,60,480
1738,432,6/11/2024,8,clienta,million,Hybrid,Yes,45,360
1739,743,5/12/2024,9,ProjectX,eye,Hybrid,No,30,270
1740,262,3/12/2024,7,Internal,task,Remote,Yes,30,210
1741,624,10/24/2024,9,ProjectX,floor,Hybrid,No,45,405
1742,239,12/25/2024,9,Research,decision,Remote,No,75,675
1743,14,8/27/2024,9,clienta,hear,Remote,Yes,75,675
1744,910,6/25/2025,8,clienta,company,Onsite,No,30,240
1745,471,5/9/2024,8,CLIENT A,nature,Remote,Yes,45,360
1746,496,9/2/2024,8,CLIENT A,this,Hybrid,No,45,360
1747,822,10/10/2025,10,Research,know,Hybrid,Yes,75,750
1748,413,12/24/2023,9,clienta,before,Onsite,Yes,60,540
1749,745,10/25/2025,9,ProjectX,per,Onsite,Yes,60,540
1750,987,1/31/2025,7,Research,very,Onsite,No,45,315
1751,634,2/16/2025,6,Research,accept,Remote,No,45,270
1752,817,8/29/2024,9,clienta,leave,Remote,Yes,30,270
1753,840,3/22/2025,6,CLIENT A,view,Onsite,No,30,180
1754,713,10/21/2025,10,clienta,political,Onsite,Yes,60,600
1755,337,3/25/2024,6,Internal,special,Hybrid,No,45,270
1756,51,2/23/2025,10,ClientA,audience,Remote,No,60,600
1757,713,3/29/2025,7,ProjectX,significant,Onsite,No,45,315
1758,347,4/22/2025,6,Research,form,Onsite,Yes,75,450
1759,177,10/19/2025,7,Research,attention,Hybrid,Yes,60,420
1760,6,9/18/2025,10,ClientA,I,Onsite,No,75,750
1761,163,5/9/2024,8,ProjectX,its,Remote,Yes,30,240
1762,770,12/7/2024,6,CLIENT A,act,Remote,Yes,30,180
1763,723,6/18/2024,9,ProjectX,mission,Hybrid,Yes,60,540
1764,283,5/29/2024,7,ClientA,art,Onsite,Yes,45,315
1765,843,8/22/2025,9,ClientA,picture,Onsite,Yes,45,405
1766,386,10/30/2024,8,clienta,drive,Onsite,No,60,480
1767,570,5/12/2025,9,Internal,gun,Hybrid,No,45,405
1768,568,8/8/2025,8,Research,focus,Hybrid,Yes,60,480
1769,704,4/13/2024,7,CLIENT A,very,Onsite,No,75,525
1770,310,6/29/2024,7,ProjectX,song,Remote,No,30,210
1771,715,9/17/2025,10,Research,former,Remote,No,45,450
1772,534,9/7/2025,7,CLIENT A,possible,Onsite,Yes,60,420
1773,424,10/29/2024,7,Research,science,Onsite,No,30,210
1774,475,8/20/2025,9,clienta,check,Hybrid,No,45,405
1775,583,6/26/2024,9,ProjectX,recent,Onsite,Yes,75,675
1776,820,6/4/2024,7,clienta,easy,Remote,Yes,75,525
1777,833,3/11/2024,6,clienta,front,Remote,Yes,45,270
1778,591,10/25/2025,8,clienta,evidence,Remote,No,75,600
1779,532,2/20/2024,9,ClientA,choose,Remote,Yes,75,675
1780,967,3/30/2025,7,clienta,book,Remote,Yes,30,210
1781,747,8/30/2025,9,Internal,politics,Hybrid,No,60,540
1782,122,8/20/2025,8,Internal,difference,Onsite,No,60,480
1783,948,5/30/2025,6,clienta,discussion,Onsite,Yes,75,450
1784,352,4/27/2025,6,ProjectX,go,Remote,Yes,60,360
1785,783,10/30/2025,6,Internal,account,Onsite,Yes,30,180
1786,669,11/13/2024,10,ProjectX,inside,Onsite,No,75,750
1787,856,2/2/2025,9,clienta,administration,Onsite,Yes,45,405
1788,956,5/1/2024,10,ClientA,financial,Hybrid,No,60,600
1789,976,11/9/2024,9,Research,inside,Remote,No,75,675
1790,576,7/26/2024,10,Internal,this,Onsite,No,45,450
1791,821,5/8/2025,7,ClientA,allow,Hybrid,Yes,30,210
1792,252,8/6/2025,6,CLIENT A,similar,Remote,No,60,360
1793,816,1/7/2025,10,Internal,out,Hybrid,Yes,30,300
1794,566,10/22/2025,8,Research,performance,Remote,Yes,45,360
1795,188,1/15/2024,6,Research,visit,Hybrid,No,75,450
1796,901,9/10/2025,6,CLIENT A,performance,Remote,Yes,60,360
1797,91,5/29/2025,6,ClientA,available,Remote,Yes,75,450
1798,92,12/5/2023,10,clienta,hit,Hybrid,Yes,60,600
1799,205,3/25/2025,6,clienta,economy,Hybrid,No,30,180
1800,492,7/17/2024,8,Research,case,Onsite,No,60,480
1801,653,2/15/2025,6,Internal,south,Onsite,Yes,75,450
1802,602,6/9/2025,7,ClientA,just,Onsite,Yes,60,420
1803,52,6/16/2024,9,CLIENT A,those,Remote,No,30,270
1804,860,3/11/2025,8,CLIENT A,go,Hybrid,No,60,480
1805,959,5/26/2025,6,ProjectX,article,Remote,No,75,450
1806,260,12/9/2024,7,Internal,into,Onsite,Yes,30,210
1807,362,4/5/2024,10,clienta,today,Remote,Yes,75,750
1808,876,4/23/2025,8,Research,control,Remote,Yes,75,600
1809,208,1/4/2025,10,Research,before,Remote,Yes,60,600
1810,743,12/1/2024,6,Internal,economy,Hybrid,No,75,450
1811,775,11/24/2023,10,ClientA,bill,Remote,No,60,600
1812,917,7/14/2024,10,ProjectX,either,Hybrid,No,45,450
1813,638,9/12/2024,9,ClientA,prove,Hybrid,No,30,270
1814,177,2/24/2025,7,ProjectX,offer,Hybrid,No,75,525
1815,975,6/26/2024,9,clienta,see,Onsite,Yes,45,405
1816,272,4/1/2024,10,ClientA,example,Hybrid,Yes,45,450
1817,64,11/4/2024,7,Internal,son,Remote,No,60,420
1818,472,3/31/2025,9,Internal,sign,Hybrid,Yes,30,270
1819,588,5/21/2024,7,CLIENT A,charge,Hybrid,No,60,420
1820,584,6/12/2025,7,ProjectX,mother,Hybrid,Yes,60,420
1821,532,6/28/2024,9,ClientA,enjoy,Hybrid,No,30,270
1822,722,3/5/2024,6,clienta,network,Hybrid,No,60,360
1823,847,3/9/2024,6,CLIENT A,magazine,Remote,No,75,450
1824,493,7/3/2024,9,Research,firm,Onsite,Yes,60,540
1825,772,4/6/2024,7,clienta,against,Remote,Yes,30,210
1826,617,6/15/2025,8,CLIENT A,particularly,Hybrid,Yes,45,360
1827,292,7/26/2024,8,ClientA,learn,Remote,No,60,480
1828,949,1/4/2024,6,clienta,best,Remote,No,30,180
1829,234,1/22/2024,9,ProjectX,generation,Onsite,Yes,30,270
1830,848,3/15/2024,6,ClientA,agent,Remote,No,30,180
1831,43,12/11/2024,7,CLIENT A,fly,Onsite,No,30,210
1832,889,10/4/2025,10,clienta,card,Hybrid,Yes,45,450
1833,458,12/28/2024,10,Internal,those,Hybrid,Yes,30,300
1834,734,2/5/2025,8,Research,represent,Hybrid,No,75,600
1835,354,9/27/2024,8,Research,open,Onsite,Yes,75,600
1836,785,2/16/2025,7,CLIENT A,room,Remote,Yes,60,420
1837,342,10/20/2024,6,CLIENT A,several,Hybrid,No,30,180
1838,607,6/26/2025,7,CLIENT A,hit,Onsite,Yes,75,525
1839,500,5/21/2025,6,clienta,heavy,Remote,Yes,75,450
1840,861,12/21/2024,9,Research,raise,Onsite,Yes,30,270
1841,843,6/20/2025,8,Internal,future,Onsite,No,60,480
1842,929,9/26/2025,8,ClientA,who,Remote,Yes,60,480
1843,667,5/22/2024,8,ClientA,reach,Onsite,No,45,360
1844,222,10/22/2024,8,CLIENT A,ahead,Onsite,Yes,75,600
1845,317,4/8/2025,6,Internal,like,Onsite,Yes,60,360
1846,586,5/1/2025,10,CLIENT A,remember,Hybrid,No,30,300
1847,467,7/16/2025,9,clienta,situation,Onsite,No,30,270
1848,173,12/1/2024,8,Internal,institution,Hybrid,No,75,600
1849,660,12/18/2024,10,Research,find,Hybrid,No,60,600
1850,234,1/29/2025,7,ClientA,become,Hybrid,Yes,45,315
1851,227,5/16/2024,9,Internal,part,Onsite,Yes,30,270
1852,401,9/12/2024,9,ProjectX,agency,Hybrid,Yes,60,540
1853,720,9/29/2024,6,clienta,lawyer,Remote,Yes,60,360
1854,185,1/3/2025,7,ClientA,attention,Remote,No,45,315
1855,3,11/19/2024,7,Internal,they,Remote,Yes,60,420
1856,170,1/2/2024,7,ClientA,section,Remote,No,45,315
1857,380,12/27/2024,8,Internal,specific,Onsite,No,45,360
1858,618,9/20/2025,7,clienta,player,Hybrid,No,30,210
1859,473,12/26/2024,9,Research,realize,Hybrid,Yes,30,270
1860,146,2/14/2024,8,ProjectX,change,Hybrid,No,45,360
1861,995,11/5/2024,6,CLIENT A,final,Remote,No,60,360
1862,283,6/22/2024,10,clienta,in,Hybrid,Yes,30,300
1863,779,2/2/2024,6,Research,beyond,Remote,No,30,180
1864,277,10/9/2024,9,ClientA,letter,Hybrid,No,30,270
1865,146,8/19/2025,7,Internal,respond,Onsite,No,30,210
1866,614,10/9/2024,10,CLIENT A,weight,Remote,Yes,30,300
1867,485,1/18/2025,9,clienta,care,Remote,No,30,270
1868,67,8/4/2025,10,ClientA,nation,Onsite,No,30,300
1869,873,6/12/2025,6,Internal,and,Hybrid,No,60,360
1870,145,9/25/2024,7,Research,mention,Onsite,No,45,315
1871,37,10/3/2024,9,clienta,range,Hybrid,No,75,675
1872,276,6/20/2025,10,CLIENT A,heart,Onsite,Yes,30,300
1873,86,12/31/2023,6,ClientA,suffer,Onsite,No,75,450
1874,266,7/20/2024,9,CLIENT A,hour,Onsite,Yes,30,270
1875,677,3/23/2024,6,Research,drive,Remote,No,60,360
1876,124,9/7/2025,10,Internal,guy,Remote,No,60,600
1877,302,9/4/2025,7,Internal,apply,Hybrid,No,75,525
1878,684,10/23/2024,10,Research,staff,Hybrid,No,45,450
1879,909,8/2/2024,9,ProjectX,general,Hybrid,No,30,270
1880,62,3/4/2025,8,CLIENT A,fill,Hybrid,Yes,30,240
1881,696,8/25/2024,7,ProjectX,door,Hybrid,No,45,315
1882,751,3/31/2025,9,Internal,manage,Onsite,Yes,75,675
1883,27,4/3/2024,7,ProjectX,red,Remote,No,45,315
1884,110,8/5/2024,6,ClientA,low,Remote,Yes,45,270
1885,807,4/24/2024,9,Internal,work,Remote,Yes,75,675
1886,910,7/11/2025,9,Internal,message,Remote,No,75,675
1887,112,4/25/2025,6,CLIENT A,area,Remote,No,30,180
1888,274,10/15/2024,10,Internal,behind,Onsite,Yes,30,300
1889,63,10/10/2025,6,CLIENT A,so,Onsite,Yes,45,270
1890,366,12/21/2023,9,clienta,great,Remote,No,60,540
1891,306,4/14/2025,6,ProjectX,paper,Onsite,No,75,450
1892,766,2/26/2024,10,ProjectX,country,Onsite,Yes,30,300
1893,761,11/18/2023,10,Internal,right,Remote,No,75,750
1894,439,8/28/2024,7,CLIENT A,stop,Remote,Yes,45,315
1895,821,2/8/2024,8,ClientA,teacher,Onsite,Yes,60,480
1896,149,6/13/2024,8,clienta,social,Onsite,No,30,240
1897,150,7/24/2024,7,CLIENT A,brother,Onsite,No,45,315
1898,660,11/27/2024,6,CLIENT A,past,Hybrid,No,75,450
1899,962,3/11/2025,10,Research,attorney,Remote,No,75,750
1900,769,5/31/2025,9,clienta,dinner,Remote,Yes,60,540
1901,822,1/26/2025,10,Internal,trouble,Hybrid,Yes,60,600
1902,248,12/9/2023,6,Research,great,Hybrid,Yes,60,360
1903,723,9/20/2024,7,Internal,throughout,Remote,No,75,525
1904,837,3/17/2024,6,ClientA,fact,Onsite,Yes,75,450
1905,1000,9/7/2025,10,ClientA,decide,Hybrid,Yes,75,750
1906,226,9/5/2025,8,Internal,according,Remote,No,60,480
1907,832,2/17/2025,10,Internal,establish,Hybrid,No,60,600
1908,635,11/21/2024,9,Internal,world,Onsite,Yes,75,675
1909,243,4/25/2025,10,ProjectX,couple,Hybrid,No,60,600
1910,957,6/25/2024,9,clienta,machine,Remote,No,75,675
1911,656,3/8/2024,6,ClientA,soon,Onsite,No,45,270
1912,694,9/28/2025,9,ProjectX,deal,Onsite,No,30,270
1913,549,1/26/2025,6,ProjectX,economy,Remote,Yes,60,360
1914,664,6/1/2024,8,Internal,break,Hybrid,No,60,480
1915,561,10/31/2024,8,Internal,room,Remote,Yes,75,600
1916,70,7/19/2024,8,ClientA,yet,Hybrid,No,75,600
1917,322,9/22/2025,7,clienta,middle,Remote,Yes,75,525
1918,70,6/10/2024,9,CLIENT A,market,Hybrid,No,75,675
1919,789,1/19/2025,7,ProjectX,how,Onsite,No,45,315
1920,596,11/14/2024,10,Research,drop,Remote,No,75,750
1921,37,10/28/2024,6,CLIENT A,bank,Remote,No,45,270
1922,45,7/6/2024,8,CLIENT A,push,Hybrid,Yes,30,240
1923,181,11/26/2023,9,Research,tough,Remote,Yes,30,270
1924,75,8/6/2024,6,Research,admit,Remote,Yes,75,450
1925,855,7/29/2025,9,ProjectX,term,Remote,No,60,540
1926,834,4/15/2024,9,ProjectX,run,Remote,Yes,60,540
1927,405,6/9/2024,10,clienta,meet,Onsite,No,75,750
1928,420,8/14/2024,8,CLIENT A,task,Hybrid,No,60,480
1929,272,11/23/2023,7,ClientA,morning,Remote,Yes,75,525
1930,141,5/21/2025,9,ProjectX,other,Onsite,Yes,30,270
1931,644,8/6/2025,9,clienta,military,Remote,No,60,540
1932,564,12/28/2024,8,ProjectX,take,Remote,No,45,360
1933,65,12/17/2024,8,clienta,professional,Hybrid,Yes,75,600
1934,303,1/31/2024,10,Research,hear,Onsite,No,60,600
1935,648,6/7/2024,10,Internal,debate,Remote,Yes,30,300
1936,613,11/24/2024,6,Research,less,Remote,Yes,30,180
1937,450,8/24/2025,9,ProjectX,recent,Remote,No,75,675
1938,11,11/21/2023,9,CLIENT A,plan,Hybrid,Yes,30,270
1939,853,2/5/2025,6,ProjectX,open,Remote,Yes,75,450
1940,815,2/5/2025,8,Internal,area,Hybrid,Yes,60,480
1941,307,2/23/2024,6,ProjectX,rock,Remote,Yes,45,270
1942,475,3/30/2025,6,ProjectX,painting,Remote,Yes,45,270
1943,846,8/7/2024,9,Internal,store,Hybrid,Yes,75,675
1944,983,1/7/2025,9,ProjectX,people,Remote,No,75,675
1945,478,4/21/2024,6,Research,process,Onsite,No,60,360
1946,638,7/18/2024,10,ProjectX,interest,Remote,Yes,60,600
1947,785,4/27/2024,7,ClientA,important,Remote,No,45,315
1948,559,5/26/2025,7,ProjectX,sell,Onsite,Yes,30,210
1949,978,3/18/2025,10,ClientA,item,Remote,Yes,30,300
1950,547,5/12/2025,7,ClientA,simply,Remote,No,45,315
1951,543,12/21/2024,7,Research,near,Remote,Yes,75,525
1952,657,12/3/2023,10,ClientA,over,Hybrid,Yes,60,600
1953,524,3/31/2025,7,CLIENT A,almost,Remote,Yes,45,315
1954,571,10/30/2024,8,ProjectX,these,Remote,No,45,360
1955,1000,11/27/2024,10,clienta,color,Onsite,Yes,45,450
1956,215,7/14/2024,6,ProjectX,large,Remote,No,30,180
1957,474,7/14/2024,7,Internal,project,Onsite,No,45,315
1958,188,10/22/2024,10,Internal,two,Remote,Yes,45,450
1959,627,2/16/2024,10,CLIENT A,shoulder,Hybrid,No,75,750
1960,983,1/1/2025,7,ProjectX,interest,Remote,Yes,60,420
1961,55,11/27/2024,8,ClientA,wind,Remote,No,75,600
1962,603,12/6/2024,6,Internal,rather,Remote,No,30,180
1963,653,8/9/2025,8,ClientA,dinner,Hybrid,No,75,600
1964,370,8/21/2024,8,Internal,under,Onsite,No,60,480
1965,962,7/20/2024,7,Research,that,Hybrid,No,75,525
1966,87,10/14/2025,6,clienta,score,Remote,No,45,270
1967,574,10/13/2024,9,CLIENT A,computer,Hybrid,No,60,540
1968,437,11/28/2023,10,Internal,deep,Remote,Yes,30,300
1969,758,4/3/2024,6,ClientA,have,Hybrid,No,30,180
1970,728,11/10/2024,6,ProjectX,ready,Remote,No,60,360
1971,361,2/22/2024,7,ClientA,teach,Hybrid,Yes,60,420
1972,363,3/18/2024,8,Internal,society,Hybrid,No,60,480
1973,727,2/26/2024,7,CLIENT A,court,Hybrid,No,30,210
1974,791,2/17/2024,8,CLIENT A,view,Hybrid,Yes,30,240
1975,988,11/20/2024,6,ProjectX,ground,Hybrid,Yes,75,450
1976,887,1/12/2024,6,CLIENT A,agreement,Hybrid,No,30,180
1977,12,5/21/2025,9,Internal,process,Onsite,Yes,75,675
1978,20,2/8/2024,6,ClientA,dark,Onsite,No,75,450
1979,959,5/3/2024,8,ProjectX,important,Remote,No,30,240
1980,994,7/5/2025,10,Internal,admit,Hybrid,Yes,60,600
1981,23,8/27/2024,7,clienta,alone,Remote,Yes,60,420
1982,892,3/3/2024,9,clienta,suddenly,Hybrid,Yes,60,540
1983,389,12/6/2023,10,Research,scientist,Onsite,Yes,60,600
1984,39,6/4/2025,10,ProjectX,general,Onsite,No,75,750
1985,178,11/1/2024,8,Internal,miss,Onsite,No,60,480
1986,643,10/24/2025,6,Research,economic,Hybrid,No,60,360
1987,938,4/9/2025,10,ClientA,summer,Remote,No,60,600
1988,684,1/16/2025,8,clienta,international,Onsite,Yes,45,360
1989,126,3/2/2025,7,ClientA,its,Remote,Yes,45,315
1990,95,10/14/2024,8,ProjectX,hot,Onsite,No,60,480
1991,106,6/18/2024,7,Internal,media,Hybrid,Yes,30,210
1992,20,12/19/2024,9,clienta,determine,Onsite,No,45,405
1993,310,4/24/2024,9,Internal,value,Hybrid,No,45,405
1994,642,6/27/2025,10,CLIENT A,cost,Onsite,Yes,60,600
1995,684,12/31/2024,8,CLIENT A,sport,Hybrid,No,30,240
1996,797,3/11/2024,9,Research,tend,Remote,No,45,405
1997,769,11/26/2023,6,CLIENT A,task,Onsite,No,75,450
1998,394,12/2/2024,10,ProjectX,sense,Hybrid,Yes,75,750
1999,151,8/2/2025,9,ProjectX,thus,Remote,No,60,540
2000,576,8/30/2025,6,ProjectX,especially,Onsite,No,45,270
2001,177,1/9/2024,8,Research,effort,Remote,Yes,30,240
2002,484,10/27/2025,10,Research,Republican,Hybrid,No,75,750
2003,609,6/18/2024,10,CLIENT A,second,Onsite,Yes,45,450
2004,996,2/26/2024,10,clienta,consumer,Hybrid,No,60,600
2005,63,5/7/2024,9,ClientA,far,Hybrid,Yes,30,270
2006,116,2/14/2024,9,clienta,his,Onsite,Yes,30,270
2007,547,5/3/2025,9,Internal,happen,Onsite,No,30,270
2008,993,11/26/2023,9,ClientA,per,Hybrid,Yes,45,405
2009,991,8/28/2025,9,Research,summer,Onsite,No,60,540
2010,138,8/30/2025,8,ProjectX,another,Remote,Yes,30,240
2011,886,3/1/2024,7,Research,cultural,Onsite,No,75,525
2012,101,10/16/2025,8,ClientA,wait,Hybrid,Yes,45,360
2013,765,3/11/2025,8,CLIENT A,leg,Onsite,No,30,240
2014,440,2/22/2024,10,CLIENT A,education,Remote,No,75,750
2015,207,3/4/2024,7,ProjectX,account,Onsite,No,30,210
2016,548,7/9/2025,6,ProjectX,area,Hybrid,Yes,60,360
2017,346,3/24/2025,7,CLIENT A,economy,Hybrid,No,45,315
2018,139,12/3/2024,10,ClientA,building,Onsite,Yes,30,300
2019,249,10/29/2025,6,Research,effort,Hybrid,No,75,450
2020,126,7/16/2024,6,clienta,window,Onsite,Yes,75,450
2021,905,2/15/2025,7,CLIENT A,appear,Hybrid,No,30,210
2022,672,12/3/2023,7,ClientA,son,Onsite,Yes,60,420
2023,215,6/13/2025,6,Internal,likely,Remote,Yes,45,270
2024,407,6/29/2025,8,Research,receive,Hybrid,Yes,75,600
2025,432,7/13/2025,6,Research,but,Hybrid,No,60,360
2026,321,3/15/2024,8,Internal,wrong,Hybrid,No,30,240
2027,991,12/6/2024,7,ProjectX,rather,Remote,No,30,210
2028,217,3/14/2025,6,ClientA,brother,Hybrid,Yes,75,450
2029,955,8/13/2024,9,ClientA,something,Onsite,Yes,75,675
2030,469,12/10/2023,7,Research,final,Onsite,No,75,525
2031,267,9/16/2025,8,ClientA,develop,Onsite,Yes,75,600
2032,745,10/19/2024,10,ProjectX,poor,Onsite,No,45,450
2033,428,2/4/2024,8,Research,step,Onsite,No,30,240
2034,369,2/2/2025,9,ProjectX,vote,Remote,Yes,60,540
2035,455,9/25/2025,8,CLIENT A,public,Remote,Yes,30,240
2036,909,5/23/2024,7,CLIENT A,keep,Remote,Yes,30,210
2037,666,3/14/2024,9,CLIENT A,different,Remote,Yes,60,540
2038,949,10/22/2025,6,Research,person,Hybrid,Yes,30,180
2039,691,10/4/2024,9,Internal,drive,Remote,Yes,60,540
2040,330,2/24/2025,6,ClientA,as,Hybrid,No,45,270
2041,938,8/3/2024,6,CLIENT A,game,Hybrid,Yes,75,450
2042,710,11/24/2024,9,Research,send,Hybrid,Yes,45,405
2043,657,9/13/2025,9,Internal,detail,Remote,No,75,675
2044,493,7/26/2024,7,Internal,value,Remote,No,45,315
2045,198,8/7/2024,10,ClientA,series,Remote,Yes,45,450
2046,24,12/27/2023,6,ClientA,agent,Hybrid,Yes,75,450
2047,623,12/30/2024,6,ClientA,national,Hybrid,No,30,180
2048,52,10/31/2024,7,ClientA,candidate,Hybrid,No,75,525
2049,476,12/12/2024,6,ProjectX,every,Remote,No,30,180
2050,27,1/10/2024,9,Internal,place,Remote,No,60,540
2051,950,4/13/2025,6,ProjectX,song,Onsite,No,60,360
2052,268,11/12/2024,6,ClientA,although,Hybrid,Yes,75,450
2053,77,3/3/2025,7,Research,decide,Onsite,No,75,525
2054,531,1/20/2024,9,Internal,parent,Hybrid,No,30,270
2055,55,9/12/2025,10,ClientA,hospital,Onsite,Yes,60,600
2056,175,8/13/2025,9,Internal,improve,Remote,No,75,675
2057,209,7/9/2024,10,clienta,bag,Hybrid,Yes,60,600
2058,204,11/10/2023,9,Internal,Mr,Hybrid,No,75,675
2059,528,9/27/2025,6,Internal,of,Onsite,No,60,360
2060,96,11/1/2024,8,Internal,state,Remote,No,60,480
2061,553,4/11/2025,6,CLIENT A,anything,Onsite,Yes,30,180
2062,136,11/25/2023,7,Internal,model,Hybrid,Yes,30,210
2063,365,11/6/2025,7,clienta,every,Hybrid,Yes,60,420
2064,291,1/26/2025,6,CLIENT A,little,Onsite,Yes,75,450
2065,683,8/3/2025,9,CLIENT A,yes,Hybrid,No,60,540
2066,199,3/8/2025,6,ClientA,collection,Remote,Yes,45,270
2067,987,3/24/2025,8,ClientA,home,Onsite,No,30,240
2068,847,11/24/2024,9,Research,find,Hybrid,Yes,60,540
2069,826,7/10/2024,9,clienta,meeting,Onsite,Yes,75,675
2070,803,10/9/2024,8,clienta,next,Remote,No,60,480
2071,101,7/17/2024,7,ClientA,nice,Remote,No,75,525
2072,165,1/3/2025,6,Internal,seven,Hybrid,Yes,45,270
2073,406,10/6/2025,10,Research,site,Onsite,Yes,75,750
2074,101,9/2/2024,8,clienta,require,Remote,No,30,240
2075,547,11/8/2024,6,clienta,from,Hybrid,No,60,360
2076,883,12/3/2023,7,Research,the,Hybrid,No,60,420
2077,669,2/19/2025,6,Research,police,Remote,Yes,75,450
2078,470,4/30/2025,9,ClientA,weight,Onsite,No,60,540
2079,458,1/18/2025,7,Research,tax,Remote,No,45,315
2080,312,2/22/2025,10,ClientA,cultural,Hybrid,Yes,45,450
2081,958,2/15/2025,8,CLIENT A,appear,Onsite,No,60,480
2082,753,12/9/2023,10,clienta,road,Onsite,No,75,750
2083,18,11/8/2024,7,Internal,piece,Remote,Yes,60,420
2084,888,4/12/2024,9,ProjectX,never,Hybrid,Yes,45,405
2085,944,12/20/2023,7,Internal,figure,Remote,Yes,30,210
2086,598,6/8/2024,6,Research,art,Onsite,No,75,450
2087,306,10/13/2025,6,ProjectX,everyone,Hybrid,No,60,360
2088,259,9/16/2025,10,clienta,raise,Onsite,Yes,75,750
2089,407,4/11/2024,7,clienta,local,Remote,No,75,525
2090,307,8/31/2024,7,clienta,then,Onsite,Yes,60,420
2091,627,8/23/2025,7,ClientA,international,Onsite,No,60,420
2092,282,5/2/2025,8,CLIENT A,class,Remote,Yes,45,360
2093,714,8/21/2024,10,clienta,front,Hybrid,Yes,60,600
2094,964,10/3/2024,9,CLIENT A,use,Remote,Yes,30,270
2095,144,7/6/2024,10,ProjectX,lay,Onsite,Yes,75,750
2096,716,9/16/2025,6,Internal,agency,Remote,No,75,450
2097,661,8/25/2025,8,Research,imagine,Onsite,No,30,240
2098,718,11/5/2024,7,Research,easy,Hybrid,No,60,420
2099,286,3/7/2024,10,ProjectX,occur,Onsite,No,30,300
2100,420,5/22/2024,7,clienta,their,Remote,Yes,45,315
2101,785,3/5/2025,10,Research,model,Remote,Yes,45,450
2102,49,11/24/2024,7,CLIENT A,buy,Hybrid,No,60,420
2103,634,6/15/2024,6,CLIENT A,study,Remote,No,45,270
2104,127,7/12/2025,9,ProjectX,public,Onsite,No,75,675
2105,745,1/2/2025,8,Internal,yard,Remote,No,75,600
2106,902,3/20/2025,6,Research,plant,Remote,No,60,360
2107,218,7/24/2025,6,ClientA,middle,Onsite,Yes,45,270
2108,367,3/4/2024,7,Internal,plan,Onsite,No,30,210
2109,45,7/8/2025,9,Internal,opportunity,Onsite,No,60,540
2110,895,7/12/2024,7,CLIENT A,husband,Hybrid,No,60,420
2111,305,6/4/2024,8,Research,movie,Remote,No,60,480
2112,701,1/13/2024,8,CLIENT A,assume,Remote,Yes,75,600
2113,534,3/18/2024,6,Internal,these,Onsite,Yes,75,450
2114,216,3/3/2025,10,Internal,remain,Remote,Yes,30,300
2115,169,8/5/2024,6,Internal,carry,Hybrid,No,75,450
2116,525,10/6/2024,9,Research,seek,Hybrid,Yes,75,675
2117,650,6/25/2024,8,Research,any,Onsite,No,30,240
2118,896,11/10/2023,9,ClientA,begin,Onsite,No,75,675
2119,118,11/1/2024,8,ClientA,threat,Onsite,Yes,60,480
2120,923,2/24/2024,7,clienta,democratic,Hybrid,No,75,525
2121,515,11/23/2024,9,CLIENT A,rock,Onsite,No,45,405
2122,663,5/9/2024,10,ProjectX,throughout,Remote,Yes,60,600
2123,445,4/15/2024,9,ClientA,fund,Remote,Yes,45,405
2124,955,12/1/2023,10,ClientA,consumer,Remote,No,45,450
2125,656,3/31/2024,9,ClientA,while,Onsite,No,75,675
2126,450,3/6/2025,6,ProjectX,able,Remote,No,75,450
2127,773,3/21/2024,7,ClientA,month,Hybrid,Yes,60,420
2128,841,4/29/2024,9,CLIENT A,before,Onsite,Yes,30,270
2129,706,4/9/2025,10,CLIENT A,pick,Remote,No,75,750
2130,954,4/23/2025,8,ProjectX,owner,Hybrid,Yes,75,600
2131,986,11/12/2024,9,ProjectX,case,Onsite,Yes,30,270
2132,513,6/8/2024,8,Research,rate,Hybrid,No,30,240
2133,28,7/5/2024,7,Research,he,Remote,Yes,30,210
2134,886,11/11/2023,7,clienta,pretty,Hybrid,Yes,60,420
2135,713,1/11/2024,7,ProjectX,give,Hybrid,No,30,210
2136,873,9/18/2025,9,Internal,authority,Onsite,No,60,540
2137,174,6/30/2025,7,Research,allow,Remote,Yes,30,210
2138,996,10/5/2024,6,clienta,important,Onsite,No,60,360
2139,800,12/6/2024,6,Internal,who,Hybrid,Yes,60,360
2140,201,6/19/2025,6,CLIENT A,season,Onsite,Yes,60,360
2141,289,8/14/2025,7,ProjectX,administration,Hybrid,Yes,30,210
2142,528,11/8/2023,9,CLIENT A,despite,Onsite,No,45,405
2143,60,10/15/2025,9,CLIENT A,allow,Remote,Yes,45,405
2144,104,1/5/2024,7,Research,method,Hybrid,Yes,30,210
2145,320,1/31/2025,6,CLIENT A,life,Remote,No,75,450
2146,338,12/24/2024,7,ProjectX,consumer,Remote,No,75,525
2147,59,4/25/2025,9,CLIENT A,and,Hybrid,No,30,270
2148,304,9/26/2025,9,ClientA,serious,Hybrid,Yes,30,270
2149,973,12/9/2023,8,Internal,local,Remote,Yes,60,480
2150,809,11/22/2024,9,ProjectX,possible,Hybrid,Yes,75,675
2151,572,2/20/2025,10,ProjectX,answer,Hybrid,Yes,30,300
2152,875,2/5/2024,8,CLIENT A,world,Hybrid,No,60,480
2153,529,5/26/2025,7,clienta,rich,Hybrid,Yes,75,525
2154,389,12/31/2023,6,Research,expect,Hybrid,No,45,270
2155,533,4/29/2025,10,Research,region,Remote,Yes,30,300
2156,199,6/20/2025,7,Research,customer,Remote,Yes,60,420
2157,598,4/13/2025,7,ProjectX,lose,Hybrid,No,60,420
2158,523,12/21/2023,10,clienta,nation,Remote,No,45,450
2159,123,1/22/2025,7,CLIENT A,our,Remote,Yes,75,525
2160,546,3/15/2024,10,Internal,left,Hybrid,No,60,600
2161,441,2/24/2024,10,CLIENT A,special,Remote,Yes,60,600
2162,617,4/9/2024,8,clienta,fish,Onsite,Yes,60,480
2163,681,9/2/2024,10,ClientA,hundred,Hybrid,Yes,30,300
2164,71,12/14/2023,7,ClientA,action,Remote,No,75,525
2165,803,12/15/2024,10,ClientA,seem,Remote,No,30,300
2166,763,1/23/2025,10,Internal,result,Hybrid,No,60,600
2167,690,9/27/2024,8,clienta,oil,Hybrid,No,30,240
2168,923,5/20/2025,10,ClientA,especially,Remote,No,45,450
2169,354,10/24/2025,6,ProjectX,politics,Onsite,No,75,450
2170,876,8/4/2024,10,clienta,watch,Hybrid,Yes,45,450
2171,726,8/31/2025,9,CLIENT A,appear,Onsite,No,30,270
2172,135,2/3/2024,10,clienta,owner,Hybrid,Yes,45,450
2173,346,3/29/2025,10,clienta,push,Hybrid,Yes,60,600
2174,330,4/5/2025,7,Internal,people,Remote,No,75,525
2175,190,4/26/2024,9,CLIENT A,society,Remote,Yes,75,675
2176,406,10/5/2025,7,ClientA,large,Hybrid,No,45,315
2177,249,5/23/2025,7,clienta,from,Remote,Yes,45,315
2178,247,8/3/2025,10,ClientA,car,Onsite,Yes,45,450
2179,90,3/16/2025,9,clienta,those,Hybrid,Yes,45,405
2180,770,5/31/2025,7,clienta,film,Onsite,No,75,525
2181,35,12/4/2023,7,clienta,talk,Onsite,Yes,75,525
2182,469,11/23/2024,9,Research,doctor,Onsite,Yes,60,540
2183,197,1/18/2024,6,Internal,some,Onsite,Yes,30,180
2184,330,6/12/2024,9,CLIENT A,sound,Hybrid,No,30,270
2185,399,2/5/2024,8,Research,take,Hybrid,Yes,75,600
2186,245,8/29/2025,6,Research,subject,Hybrid,Yes,45,270
2187,930,1/24/2025,10,Internal,tell,Hybrid,Yes,45,450
2188,490,6/28/2025,9,Research,lay,Remote,No,60,540
2189,990,12/20/2024,10,ProjectX,gas,Onsite,No,45,450
2190,478,1/23/2025,8,clienta,open,Hybrid,No,30,240
2191,907,12/6/2023,9,Internal,how,Onsite,Yes,75,675
2192,412,11/23/2024,9,ProjectX,book,Onsite,No,60,540
2193,19,8/15/2025,6,clienta,term,Remote,Yes,45,270
2194,952,11/30/2024,10,Internal,upon,Onsite,Yes,45,450
2195,773,11/22/2024,8,CLIENT A,join,Remote,No,75,600
2196,530,8/20/2024,6,Internal,read,Remote,Yes,30,180
2197,57,6/11/2025,9,CLIENT A,life,Hybrid,No,60,540
2198,386,11/19/2024,8,Internal,education,Hybrid,No,75,600
2199,996,4/15/2025,6,ClientA,describe,Remote,No,75,450
2200,156,6/9/2025,9,CLIENT A,black,Remote,No,45,405
2201,727,11/12/2023,8,ClientA,eat,Remote,No,75,600
2202,38,9/23/2024,10,Internal,deep,Remote,No,75,750
2203,506,9/9/2025,7,clienta,with,Onsite,No,75,525
2204,102,3/29/2025,9,CLIENT A,month,Onsite,No,75,675
2205,725,11/4/2025,9,CLIENT A,simple,Onsite,Yes,75,675
2206,951,1/25/2025,9,ProjectX,coach,Remote,Yes,45,405
2207,400,12/13/2024,6,clienta,continue,Remote,No,45,270
2208,489,10/22/2025,9,CLIENT A,each,Onsite,Yes,45,405
2209,280,10/13/2024,8,Internal,a,Hybrid,Yes,75,600
2210,19,8/13/2025,6,Internal,fall,Hybrid,Yes,30,180
2211,516,4/9/2024,9,clienta,everybody,Remote,Yes,45,405
2212,29,2/24/2025,8,ProjectX,detail,Hybrid,No,60,480
2213,446,2/3/2024,7,ProjectX,parent,Hybrid,Yes,45,315
2214,716,12/22/2024,9,ProjectX,rate,Remote,No,45,405
2215,284,11/14/2023,10,clienta,push,Onsite,No,75,750
2216,797,5/30/2025,9,Internal,card,Hybrid,Yes,45,405
2217,366,2/4/2025,7,Internal,response,Onsite,No,75,525
2218,228,6/16/2024,10,Internal,degree,Remote,Yes,45,450
2219,409,9/28/2024,8,Internal,include,Remote,Yes,45,360
2220,106,5/14/2024,7,ProjectX,improve,Remote,Yes,60,420
2221,868,10/15/2024,8,ProjectX,consider,Hybrid,No,75,600
2222,163,6/28/2024,8,clienta,yet,Onsite,Yes,30,240
2223,704,2/19/2024,9,ClientA,career,Hybrid,No,45,405
2224,184,4/14/2025,7,clienta,serve,Hybrid,No,45,315
2225,984,8/7/2025,6,clienta,candidate,Remote,No,30,180
2226,479,1/5/2025,8,clienta,listen,Onsite,Yes,45,360
2227,650,7/5/2024,10,ProjectX,authority,Hybrid,No,60,600
2228,957,11/24/2024,6,CLIENT A,store,Remote,Yes,45,270
2229,168,5/18/2024,9,clienta,first,Remote,Yes,60,540
2230,457,12/30/2023,9,Internal,population,Hybrid,Yes,30,270
2231,976,4/7/2025,8,Research,half,Hybrid,No,75,600
2232,178,9/29/2024,6,clienta,activity,Remote,Yes,60,360
2233,742,12/30/2024,9,CLIENT A,pull,Remote,No,45,405
2234,953,6/8/2024,10,clienta,suddenly,Onsite,No,30,300
2235,379,4/9/2024,6,Internal,else,Remote,No,45,270
2236,114,10/5/2024,8,clienta,toward,Hybrid,Yes,75,600
2237,908,11/22/2024,10,Internal,right,Hybrid,Yes,75,750
2238,187,11/7/2023,6,Research,say,Hybrid,Yes,75,450
2239,227,11/4/2024,6,Research,job,Remote,No,60,360
2240,864,6/28/2024,9,Research,at,Onsite,No,75,675
2241,893,9/3/2025,9,Internal,report,Hybrid,No,60,540
2242,712,10/21/2024,10,clienta,TRUE,Remote,Yes,45,450
2243,833,10/3/2024,8,CLIENT A,option,Remote,Yes,45,360
2244,574,2/10/2024,8,ClientA,sometimes,Onsite,Yes,30,240
2245,970,2/3/2025,7,Research,no,Onsite,Yes,30,210
2246,830,9/30/2025,9,clienta,right,Remote,Yes,45,405
2247,472,11/5/2024,7,clienta,majority,Hybrid,No,75,525
2248,707,9/22/2024,6,ProjectX,there,Onsite,Yes,75,450
2249,776,12/1/2024,7,CLIENT A,himself,Remote,No,75,525
2250,5,9/5/2025,7,CLIENT A,put,Remote,No,45,315
2251,339,7/5/2025,6,CLIENT A,likely,Hybrid,Yes,75,450
2252,648,6/20/2025,9,CLIENT A,hair,Onsite,No,30,270
2253,465,11/10/2024,6,ProjectX,resource,Remote,Yes,60,360
2254,294,8/16/2024,7,Internal,interview,Remote,No,45,315
2255,144,9/26/2024,6,ClientA,anything,Remote,Yes,45,270
2256,769,5/13/2024,9,Internal,soldier,Onsite,No,75,675
2257,186,1/11/2024,9,clienta,media,Onsite,No,75,675
2258,423,11/30/2024,7,CLIENT A,part,Remote,Yes,30,210
2259,60,9/23/2025,10,Research,black,Onsite,No,30,300
2260,619,12/15/2024,10,CLIENT A,contain,Onsite,No,30,300
2261,236,6/27/2024,9,Internal,fly,Onsite,No,45,405
2262,352,5/31/2024,9,Research,agreement,Remote,Yes,75,675
2263,748,8/31/2025,10,clienta,hotel,Hybrid,Yes,30,300
2264,69,5/19/2024,7,Internal,view,Remote,No,45,315
2265,216,11/8/2023,9,clienta,student,Remote,Yes,60,540
2266,540,9/22/2024,7,Research,yes,Hybrid,Yes,30,210
2267,349,7/18/2025,10,Research,street,Onsite,Yes,45,450
2268,729,5/14/2025,7,Research,others,Onsite,Yes,60,420
2269,33,12/13/2023,7,ClientA,south,Onsite,No,30,210
2270,705,7/4/2024,9,ClientA,beat,Onsite,Yes,60,540
2271,404,10/18/2025,8,Internal,adult,Onsite,Yes,45,360
2272,451,4/22/2025,10,ClientA,case,Hybrid,No,75,750
2273,556,5/7/2025,9,clienta,reflect,Hybrid,No,60,540
2274,206,11/22/2023,10,Research,many,Remote,Yes,60,600
2275,57,3/15/2025,6,clienta,health,Remote,No,45,270
2276,859,2/7/2024,6,Internal,arm,Remote,No,75,450
2277,805,10/10/2024,9,ClientA,thought,Onsite,Yes,60,540
2278,67,9/2/2024,9,Research,meet,Remote,Yes,45,405
2279,368,9/13/2024,7,clienta,house,Hybrid,Yes,60,420
2280,323,6/22/2024,8,CLIENT A,budget,Onsite,Yes,45,360
2281,511,10/23/2024,10,Internal,central,Onsite,No,30,300
2282,476,9/17/2024,6,clienta,medical,Onsite,No,45,270
2283,961,7/13/2025,7,Research,generation,Remote,Yes,30,210
2284,572,3/13/2024,8,CLIENT A,cost,Hybrid,No,60,480
2285,431,11/29/2023,7,Research,hit,Remote,No,30,210
2286,538,10/4/2025,7,CLIENT A,themselves,Hybrid,No,60,420
2287,474,3/28/2025,7,Internal,hard,Onsite,No,60,420
2288,534,8/6/2025,10,CLIENT A,attorney,Remote,Yes,75,750
2289,548,4/6/2025,6,clienta,church,Remote,Yes,75,450
2290,63,4/16/2025,6,Research,message,Onsite,Yes,60,360
2291,606,6/12/2024,6,ClientA,matter,Hybrid,Yes,75,450
2292,650,8/14/2025,8,Research,technology,Remote,Yes,60,480
2293,138,6/3/2024,7,ProjectX,mean,Hybrid,Yes,30,210
2294,118,3/3/2024,10,ProjectX,laugh,Onsite,Yes,30,300
2295,118,4/14/2024,10,CLIENT A,century,Remote,No,75,750
2296,593,12/29/2024,10,CLIENT A,bill,Hybrid,No,60,600
2297,57,5/8/2025,7,ClientA,like,Onsite,Yes,75,525
2298,929,8/10/2024,6,ClientA,a,Hybrid,No,60,360
2299,726,4/20/2024,8,ClientA,simple,Remote,Yes,30,240
2300,734,4/7/2025,7,clienta,draw,Remote,Yes,60,420
2301,229,12/8/2023,7,Research,newspaper,Hybrid,No,45,315
2302,719,1/11/2025,10,ProjectX,compare,Remote,No,75,750
2303,771,11/20/2024,9,clienta,middle,Remote,Yes,75,675
2304,752,7/4/2025,7,ProjectX,our,Hybrid,No,60,420
2305,627,5/3/2025,10,ClientA,TRUE,Remote,Yes,30,300
2306,140,4/27/2024,7,ClientA,subject,Hybrid,No,60,420
2307,429,6/25/2025,9,ProjectX,station,Onsite,Yes,75,675
2308,882,7/8/2025,9,Internal,surface,Hybrid,Yes,60,540
2309,75,12/31/2023,8,Research,collection,Remote,No,75,600
2310,470,12/1/2023,7,Research,blood,Onsite,No,60,420
2311,505,2/19/2025,6,ClientA,able,Remote,Yes,60,360
2312,549,3/8/2024,9,ProjectX,new,Hybrid,Yes,60,540
2313,312,7/1/2024,6,Internal,glass,Onsite,Yes,75,450
2314,212,9/21/2024,8,CLIENT A,similar,Onsite,Yes,75,600
2315,475,12/27/2024,6,Research,skill,Remote,Yes,30,180
2316,939,7/23/2025,6,CLIENT A,loss,Remote,No,60,360
2317,660,6/22/2025,6,Internal,wall,Hybrid,Yes,30,180
2318,88,9/3/2024,8,clienta,alone,Hybrid,No,60,480
2319,176,2/24/2025,9,Research,my,Remote,Yes,45,405
2320,424,3/19/2025,7,ProjectX,generation,Remote,No,60,420
2321,553,1/6/2024,6,clienta,participant,Hybrid,Yes,60,360
2322,819,1/29/2025,8,ClientA,down,Onsite,No,75,600
2323,512,3/6/2024,6,clienta,year,Onsite,Yes,45,270
2324,33,8/9/2025,7,CLIENT A,charge,Hybrid,No,75,525
2325,589,5/1/2024,7,clienta,standard,Onsite,Yes,45,315
2326,783,7/19/2025,7,Internal,follow,Hybrid,Yes,60,420
2327,942,11/26/2024,9,CLIENT A,raise,Onsite,No,60,540
2328,519,11/1/2024,8,Research,heavy,Hybrid,Yes,75,600
2329,508,9/14/2025,8,Research,produce,Hybrid,No,60,480
2330,345,2/15/2024,10,clienta,measure,Hybrid,Yes,75,750
2331,689,7/23/2024,7,ClientA,front,Hybrid,Yes,60,420
2332,275,8/5/2024,8,ProjectX,Mrs,Hybrid,Yes,45,360
2333,705,1/24/2024,8,CLIENT A,loss,Remote,No,30,240
2334,464,11/26/2023,9,Internal,compare,Hybrid,Yes,45,405
2335,382,3/23/2025,9,Internal,learn,Remote,No,75,675
2336,537,5/1/2024,7,CLIENT A,hear,Onsite,Yes,30,210
2337,717,4/12/2025,9,Research,fact,Hybrid,No,60,540
2338,987,10/13/2024,8,Internal,interesting,Hybrid,Yes,60,480
2339,492,10/21/2025,10,ClientA,play,Hybrid,Yes,45,450
2340,716,6/17/2024,9,ProjectX,debate,Remote,Yes,30,270
2341,491,4/21/2025,7,Internal,call,Hybrid,Yes,75,525
2342,184,2/22/2024,7,ClientA,six,Onsite,Yes,45,315
2343,441,12/12/2024,8,CLIENT A,religious,Hybrid,No,30,240
2344,975,10/1/2024,6,Research,treatment,Onsite,Yes,30,180
2345,150,12/23/2024,8,Research,action,Onsite,No,45,360
2346,90,5/10/2025,7,CLIENT A,however,Onsite,No,30,210
2347,469,11/8/2023,8,clienta,improve,Remote,Yes,30,240
2348,892,8/28/2024,6,Internal,left,Onsite,No,60,360
2349,517,12/20/2023,6,ProjectX,significant,Onsite,Yes,60,360
2350,830,1/1/2024,6,clienta,because,Onsite,Yes,30,180
2351,374,5/12/2024,8,clienta,body,Hybrid,Yes,60,480
2352,294,10/10/2025,6,CLIENT A,this,Remote,No,45,270
2353,463,7/26/2024,9,Research,necessary,Remote,Yes,75,675
2354,255,4/16/2025,7,CLIENT A,sing,Hybrid,No,75,525
2355,213,10/16/2025,6,Research,sound,Onsite,No,45,270
2356,152,2/20/2024,6,CLIENT A,message,Remote,No,30,180
2357,900,2/29/2024,10,Research,hot,Remote,Yes,75,750
2358,106,8/12/2025,9,ClientA,American,Onsite,No,75,675
2359,295,12/25/2023,8,Research,himself,Onsite,No,45,360
2360,298,11/4/2025,8,Research,recent,Hybrid,No,75,600
2361,795,3/27/2025,9,Internal,you,Remote,Yes,45,405
2362,353,3/8/2025,8,ProjectX,power,Hybrid,Yes,45,360
2363,478,4/6/2024,10,clienta,young,Hybrid,No,30,300
2364,10,1/21/2024,6,CLIENT A,identify,Onsite,No,45,270
2365,170,9/15/2024,10,Research,force,Onsite,Yes,75,750
2366,809,1/3/2024,7,Internal,treat,Remote,No,75,525
2367,970,2/28/2025,9,CLIENT A,improve,Hybrid,No,75,675
2368,489,5/1/2025,7,ProjectX,role,Hybrid,No,30,210
2369,452,3/5/2024,8,clienta,personal,Remote,Yes,75,600
2370,668,2/25/2024,6,clienta,she,Hybrid,Yes,75,450
2371,493,3/10/2024,10,Internal,government,Onsite,No,45,450
2372,490,1/15/2025,7,ProjectX,know,Onsite,No,45,315
2373,810,4/25/2024,10,Internal,traditional,Remote,Yes,75,750
2374,349,4/23/2024,9,Research,be,Remote,No,30,270
2375,369,10/27/2025,6,clienta,despite,Onsite,No,45,270
2376,752,9/7/2024,10,Internal,keep,Hybrid,No,60,600
2377,811,7/28/2025,7,ProjectX,suddenly,Hybrid,No,45,315
2378,821,3/6/2025,10,CLIENT A,believe,Remote,Yes,30,300
2379,139,12/24/2023,8,Internal,feel,Remote,Yes,75,600
2380,52,12/28/2024,10,Research,treat,Remote,Yes,45,450
2381,203,8/6/2025,6,ClientA,late,Remote,Yes,75,450
2382,519,7/24/2024,7,Research,apply,Onsite,No,45,315
2383,967,7/26/2024,9,CLIENT A,along,Remote,Yes,60,540
2384,513,5/13/2024,9,CLIENT A,some,Remote,No,75,675
2385,706,12/11/2024,6,clienta,number,Hybrid,No,45,270
2386,704,4/19/2025,6,Research,never,Onsite,No,30,180
2387,222,12/9/2024,7,clienta,get,Onsite,Yes,45,315
2388,782,8/25/2025,7,CLIENT A,lawyer,Onsite,Yes,45,315
2389,122,9/25/2025,10,clienta,imagine,Onsite,Yes,75,750
2390,983,9/25/2024,9,CLIENT A,rather,Remote,No,60,540
2391,561,6/9/2024,10,clienta,research,Remote,Yes,30,300
2392,94,4/14/2025,6,ProjectX,task,Remote,Yes,75,450
2393,960,1/1/2025,8,Research,yes,Hybrid,No,75,600
2394,903,5/8/2024,8,ProjectX,brother,Remote,No,75,600
2395,7,6/11/2024,7,Research,economy,Onsite,Yes,75,525
2396,822,5/21/2024,7,CLIENT A,point,Remote,No,45,315
2397,344,8/29/2025,6,CLIENT A,dinner,Hybrid,No,60,360
2398,519,11/24/2024,10,clienta,determine,Remote,Yes,30,300
2399,966,3/30/2024,10,Internal,place,Hybrid,Yes,75,750
2400,132,5/15/2025,8,clienta,keep,Remote,Yes,30,240
2401,493,4/4/2024,8,CLIENT A,four,Onsite,No,45,360
2402,554,8/13/2025,8,ClientA,seat,Remote,No,60,480
2403,924,3/3/2024,9,ProjectX,instead,Hybrid,No,75,675
2404,849,6/21/2024,9,CLIENT A,provide,Remote,Yes,60,540
2405,196,12/22/2023,6,ProjectX,born,Remote,Yes,60,360
2406,628,10/13/2025,6,Research,paper,Onsite,No,60,360
2407,463,11/28/2024,7,clienta,home,Onsite,No,45,315
2408,12,6/27/2024,10,ProjectX,game,Remote,No,60,600
2409,1000,10/5/2024,9,clienta,environmental,Onsite,No,30,270
2410,998,2/13/2025,10,Internal,firm,Hybrid,No,45,450
2411,413,3/27/2025,10,clienta,nature,Remote,No,60,600
2412,517,12/28/2023,7,clienta,glass,Onsite,No,60,420
2413,724,6/10/2025,10,clienta,throughout,Hybrid,No,30,300
2414,888,4/15/2025,9,Internal,positive,Remote,Yes,75,675
2415,891,8/23/2025,10,Internal,kitchen,Onsite,No,75,750
2416,319,9/9/2024,8,clienta,owner,Hybrid,No,75,600
2417,800,4/23/2025,9,ClientA,whose,Onsite,Yes,75,675
2418,159,2/13/2024,7,Internal,use,Hybrid,No,75,525
2419,486,6/17/2025,10,clienta,eat,Hybrid,Yes,45,450
2420,897,12/20/2023,10,clienta,space,Onsite,Yes,75,750
2421,199,6/19/2024,9,Research,believe,Remote,Yes,75,675
2422,249,12/18/2023,8,ClientA,himself,Hybrid,No,75,600
2423,561,2/19/2024,6,Internal,feeling,Onsite,No,30,180
2424,550,2/13/2024,8,ProjectX,phone,Onsite,Yes,75,600
2425,303,4/13/2025,7,ClientA,financial,Hybrid,Yes,30,210
2426,910,6/3/2024,10,CLIENT A,begin,Onsite,No,30,300
2427,789,11/13/2023,6,Internal,land,Remote,Yes,60,360
2428,618,2/26/2024,7,ProjectX,green,Hybrid,Yes,75,525
2429,359,7/6/2024,9,Research,partner,Remote,Yes,60,540
2430,935,1/10/2024,8,clienta,her,Onsite,No,75,600
2431,814,10/2/2025,10,ProjectX,letter,Remote,Yes,30,300
2432,358,12/10/2023,7,ProjectX,organization,Hybrid,No,45,315
2433,105,2/4/2024,7,clienta,write,Remote,No,30,210
2434,202,9/6/2025,10,ProjectX,language,Onsite,No,45,450
2435,403,6/15/2025,7,Research,knowledge,Remote,Yes,60,420
2436,100,6/6/2025,9,ClientA,foreign,Remote,Yes,60,540
2437,812,11/17/2024,8,Research,standard,Onsite,Yes,30,240
2438,195,7/19/2024,6,clienta,must,Remote,No,60,360
2439,605,10/7/2025,6,Internal,she,Onsite,Yes,75,450
2440,936,6/21/2024,10,Internal,TV,Hybrid,No,45,450
2441,754,12/11/2024,9,Research,huge,Onsite,Yes,60,540
2442,85,6/18/2024,9,clienta,including,Hybrid,Yes,75,675
2443,442,1/14/2025,6,ProjectX,certainly,Hybrid,Yes,60,360
2444,700,5/28/2024,10,Research,process,Onsite,Yes,75,750
2445,74,9/26/2024,6,clienta,onto,Hybrid,No,60,360
2446,959,3/3/2024,8,CLIENT A,method,Hybrid,Yes,60,480
2447,118,9/11/2024,8,Research,daughter,Hybrid,Yes,45,360
2448,702,9/29/2025,8,ProjectX,discuss,Remote,Yes,45,360
2449,961,12/22/2024,6,clienta,relate,Hybrid,Yes,30,180
2450,978,6/3/2024,6,ProjectX,meeting,Onsite,Yes,60,360
2451,466,5/12/2024,8,Internal,prevent,Onsite,No,75,600
2452,5,2/23/2025,10,Research,wife,Hybrid,Yes,60,600
2453,760,12/6/2023,6,clienta,style,Onsite,No,75,450
2454,586,3/11/2025,6,Research,art,Remote,Yes,60,360
2455,148,6/16/2025,7,ProjectX,either,Onsite,No,75,525
2456,663,4/14/2025,8,Research,thank,Remote,No,75,600
2457,466,2/10/2025,9,CLIENT A,issue,Onsite,No,45,405
2458,1,8/12/2025,6,clienta,project,Onsite,No,75,450
2459,989,11/2/2025,9,CLIENT A,including,Remote,Yes,45,405
2460,344,8/30/2025,8,Research,land,Onsite,Yes,60,480
2461,511,12/30/2024,9,ProjectX,condition,Onsite,No,60,540
2462,978,9/9/2024,10,clienta,future,Remote,No,60,600
2463,107,6/5/2024,9,ProjectX,born,Hybrid,Yes,30,270
2464,731,3/7/2024,9,clienta,raise,Onsite,No,75,675
2465,33,1/15/2025,10,ClientA,account,Remote,No,60,600
2466,49,12/8/2023,10,clienta,happen,Hybrid,Yes,30,300
2467,896,2/23/2025,6,Internal,why,Remote,No,75,450
2468,112,8/27/2024,7,ProjectX,many,Onsite,No,60,420
2469,240,10/5/2025,9,Internal,so,Onsite,No,60,540
2470,950,6/30/2024,7,Research,us,Remote,No,75,525
2471,713,12/19/2024,8,CLIENT A,clearly,Hybrid,No,30,240
2472,232,2/22/2024,6,clienta,right,Hybrid,No,45,270
2473,764,8/17/2025,9,CLIENT A,individual,Remote,Yes,60,540
2474,941,3/13/2024,8,Research,adult,Remote,Yes,30,240
2475,873,1/28/2024,10,Internal,commercial,Onsite,Yes,30,300
2476,200,3/15/2025,6,CLIENT A,produce,Remote,No,75,450
2477,556,5/30/2024,9,ProjectX,front,Onsite,No,75,675
2478,198,7/20/2025,9,Internal,then,Onsite,Yes,60,540
2479,76,4/9/2024,7,ClientA,oil,Onsite,No,60,420
2480,230,2/12/2024,8,ProjectX,write,Hybrid,Yes,75,600
2481,836,5/27/2025,6,CLIENT A,here,Onsite,Yes,60,360
2482,281,10/5/2024,8,Research,new,Onsite,Yes,30,240
2483,561,1/30/2025,8,ClientA,until,Onsite,Yes,60,480
2484,962,2/19/2025,10,CLIENT A,month,Remote,Yes,45,450
2485,444,2/8/2024,6,Research,state,Onsite,Yes,45,270
2486,126,7/27/2024,9,Internal,try,Onsite,No,30,270
2487,637,3/3/2025,8,CLIENT A,study,Hybrid,No,30,240
2488,670,5/1/2025,10,CLIENT A,leg,Onsite,No,60,600
2489,622,3/22/2025,8,ClientA,here,Onsite,Yes,60,480
2490,406,7/6/2024,6,CLIENT A,form,Onsite,No,45,270
2491,701,6/19/2024,7,Research,write,Hybrid,No,30,210
2492,413,1/14/2025,8,ClientA,pattern,Remote,Yes,75,600
2493,301,10/19/2025,8,clienta,person,Onsite,No,60,480
2494,482,7/18/2025,6,ProjectX,executive,Onsite,Yes,60,360
2495,559,6/25/2024,8,ProjectX,message,Onsite,No,60,480
2496,535,12/12/2024,7,ClientA,each,Hybrid,Yes,30,210
2497,12,7/20/2024,8,Research,building,Remote,Yes,45,360
2498,172,3/29/2025,8,ClientA,economy,Onsite,Yes,30,240
2499,640,9/30/2024,6,ProjectX,system,Remote,No,75,450
2500,636,9/8/2025,8,Internal,responsibility,Onsite,Yes,75,600
2501,671,3/11/2024,6,CLIENT A,pattern,Remote,Yes,45,270
2502,186,11/16/2024,8,Research,worker,Onsite,Yes,30,240
2503,731,4/13/2024,10,clienta,value,Remote,No,75,750
2504,494,1/2/2025,6,Research,and,Onsite,No,30,180
2505,184,6/24/2024,7,Internal,because,Remote,No,60,420
2506,619,5/22/2024,10,CLIENT A,worker,Hybrid,No,45,450
2507,57,6/16/2024,8,clienta,plant,Onsite,Yes,45,360
2508,711,11/20/2023,9,ProjectX,conference,Hybrid,No,30,270
2509,166,12/7/2024,6,Internal,bill,Onsite,Yes,60,360
2510,837,9/27/2025,9,CLIENT A,wish,Onsite,Yes,60,540
2511,462,11/25/2024,8,clienta,indicate,Hybrid,No,30,240
2512,226,7/19/2025,10,ProjectX,best,Remote,No,45,450
2513,774,8/21/2025,7,clienta,not,Hybrid,Yes,30,210
2514,622,8/1/2025,10,CLIENT A,society,Hybrid,No,30,300
2515,348,11/27/2023,10,Internal,opportunity,Onsite,Yes,30,300
2516,489,3/10/2025,9,Research,consider,Onsite,No,60,540
2517,35,8/13/2024,7,ClientA,hit,Hybrid,No,60,420
2518,784,8/25/2024,7,CLIENT A,anyone,Onsite,No,45,315
2519,44,3/1/2025,10,ClientA,check,Onsite,No,45,450
2520,676,7/7/2025,7,ProjectX,picture,Hybrid,Yes,30,210
2521,174,5/8/2024,6,Research,class,Onsite,Yes,60,360
2522,462,3/26/2025,7,Internal,hotel,Hybrid,No,75,525
2523,223,11/7/2024,10,ClientA,head,Hybrid,Yes,45,450
2524,966,4/6/2025,7,CLIENT A,responsibility,Hybrid,No,60,420
2525,39,1/7/2024,7,CLIENT A,vote,Remote,No,60,420
2526,104,10/2/2025,9,ClientA,rise,Remote,No,30,270
2527,875,11/1/2024,7,CLIENT A,protect,Hybrid,No,45,315
2528,446,10/22/2025,10,ProjectX,beyond,Hybrid,No,45,450
2529,344,5/14/2024,9,ClientA,affect,Hybrid,No,45,405
2530,25,4/21/2024,7,clienta,minute,Onsite,Yes,75,525
2531,521,8/8/2025,8,Research,a,Hybrid,No,30,240
2532,70,8/17/2025,7,Research,find,Onsite,Yes,30,210
2533,369,9/17/2024,6,ProjectX,success,Onsite,Yes,30,180
2534,74,6/30/2024,8,Research,act,Onsite,Yes,45,360
2535,132,1/1/2024,7,clienta,TV,Hybrid,No,75,525
2536,999,12/6/2023,8,ProjectX,nice,Hybrid,No,45,360
2537,832,4/10/2024,9,clienta,remain,Remote,No,60,540
2538,523,7/1/2025,6,ProjectX,option,Remote,Yes,30,180
2539,337,9/3/2024,8,clienta,value,Remote,Yes,75,600
2540,124,2/1/2024,10,ProjectX,chair,Hybrid,Yes,45,450
2541,496,1/22/2025,10,clienta,if,Remote,No,75,750
2542,811,6/21/2024,10,clienta,enter,Remote,No,30,300
2543,635,12/16/2024,8,ProjectX,point,Remote,No,30,240
2544,822,10/13/2025,9,ProjectX,design,Hybrid,Yes,45,405
2545,588,9/12/2024,8,CLIENT A,argue,Hybrid,Yes,75,600
2546,499,8/7/2025,8,CLIENT A,five,Onsite,Yes,75,600
2547,15,1/4/2024,7,Research,nor,Onsite,No,30,210
2548,409,3/23/2024,9,CLIENT A,foreign,Onsite,Yes,30,270
2549,932,5/26/2024,10,Research,family,Hybrid,No,45,450
2550,68,12/6/2023,9,Internal,show,Onsite,No,60,540
2551,691,12/4/2023,9,CLIENT A,future,Onsite,No,45,405
2552,840,3/30/2024,8,CLIENT A,recently,Onsite,Yes,30,240
2553,161,9/6/2024,9,ClientA,bring,Onsite,Yes,75,675
2554,223,8/15/2025,6,ProjectX,few,Onsite,No,60,360
2555,46,4/1/2024,7,ClientA,budget,Onsite,No,45,315
2556,421,11/3/2025,6,clienta,sure,Onsite,Yes,60,360
2557,747,6/9/2025,6,ClientA,agree,Onsite,Yes,75,450
2558,962,4/10/2024,9,Internal,range,Remote,No,45,405
2559,75,1/15/2025,6,Research,laugh,Hybrid,No,45,270
2560,435,11/27/2023,9,ProjectX,feel,Remote,No,60,540
2561,544,11/2/2025,8,Research,southern,Onsite,Yes,75,600
2562,691,5/20/2024,7,Internal,especially,Onsite,No,60,420
2563,191,5/25/2024,10,CLIENT A,right,Remote,No,75,750
2564,690,6/11/2025,10,CLIENT A,relate,Hybrid,Yes,30,300
2565,913,8/6/2024,7,clienta,way,Remote,No,60,420
2566,266,10/19/2025,8,CLIENT A,consider,Remote,Yes,75,600
2567,62,6/24/2025,10,Internal,serve,Remote,No,60,600
2568,190,9/10/2024,10,clienta,TV,Hybrid,No,45,450
2569,850,12/6/2023,7,clienta,almost,Hybrid,Yes,30,210
2570,749,5/8/2024,9,ClientA,see,Hybrid,No,75,675
2571,483,1/6/2024,8,ProjectX,its,Hybrid,No,45,360
2572,762,1/17/2025,7,ClientA,southern,Remote,No,45,315
2573,91,11/26/2024,7,clienta,leader,Remote,Yes,60,420
2574,437,7/15/2025,8,Internal,why,Hybrid,No,60,480
2575,567,4/30/2025,10,Internal,ground,Remote,Yes,60,600
2576,272,12/22/2024,10,Internal,anyone,Onsite,Yes,75,750
2577,768,11/1/2025,10,ProjectX,on,Onsite,Yes,45,450
2578,726,11/6/2025,9,CLIENT A,follow,Onsite,Yes,45,405
2579,188,11/24/2023,6,Research,fill,Remote,No,75,450
2580,702,6/4/2024,9,ClientA,type,Hybrid,Yes,75,675
2581,977,5/16/2024,9,clienta,attorney,Onsite,Yes,60,540
2582,496,7/1/2025,10,ClientA,task,Hybrid,No,75,750
2583,971,3/28/2024,8,CLIENT A,manager,Remote,No,45,360
2584,756,11/17/2023,7,ClientA,certain,Onsite,Yes,45,315
2585,352,6/17/2024,7,Internal,red,Hybrid,No,30,210
2586,729,10/18/2025,8,Research,head,Remote,Yes,60,480
2587,809,9/10/2025,6,Internal,key,Remote,Yes,60,360
2588,816,6/6/2025,10,ClientA,rule,Onsite,No,45,450
2589,217,11/6/2024,7,ClientA,director,Remote,Yes,60,420
2590,151,8/9/2025,8,Research,call,Remote,No,60,480
2591,897,8/14/2025,6,CLIENT A,personal,Onsite,No,30,180
2592,294,6/23/2025,8,ProjectX,fight,Onsite,No,30,240
2593,905,8/31/2025,10,Internal,short,Onsite,No,45,450
2594,649,9/5/2024,10,ClientA,production,Remote,No,45,450
2595,977,1/14/2024,7,ProjectX,arm,Onsite,Yes,60,420
2596,769,9/1/2025,10,clienta,fight,Onsite,Yes,75,750
2597,568,10/1/2025,9,clienta,no,Onsite,No,30,270
2598,485,4/27/2025,10,Research,care,Hybrid,Yes,60,600
2599,578,11/9/2024,8,clienta,represent,Onsite,No,60,480
2600,40,8/15/2025,7,ProjectX,argue,Onsite,Yes,45,315
2601,117,12/7/2024,10,ProjectX,stay,Hybrid,No,30,300
2602,625,3/12/2024,10,Internal,phone,Onsite,No,60,600
2603,671,7/10/2024,7,ClientA,discussion,Onsite,No,60,420
2604,553,3/7/2024,8,Research,enjoy,Remote,Yes,60,480
2605,672,3/28/2024,8,ClientA,health,Hybrid,Yes,75,600
2606,670,10/14/2024,8,CLIENT A,myself,Remote,Yes,30,240
2607,902,6/25/2025,9,Research,page,Remote,No,60,540
2608,482,12/19/2024,10,CLIENT A,trouble,Hybrid,Yes,60,600
2609,104,3/16/2025,9,ProjectX,ball,Hybrid,Yes,60,540
2610,589,6/9/2024,7,CLIENT A,the,Onsite,No,75,525
2611,482,9/12/2024,7,Internal,security,Onsite,No,45,315
2612,994,9/29/2025,7,ProjectX,conference,Onsite,No,60,420
2613,393,11/16/2024,8,Internal,those,Hybrid,Yes,45,360
2614,159,12/22/2024,6,Internal,ahead,Remote,Yes,45,270
2615,745,2/17/2024,9,CLIENT A,perform,Hybrid,Yes,45,405
2616,560,6/7/2024,9,CLIENT A,analysis,Onsite,No,45,405
2617,413,4/6/2025,6,Internal,structure,Hybrid,Yes,60,360
2618,588,7/25/2024,7,clienta,others,Onsite,No,75,525
2619,137,10/7/2025,7,Research,everybody,Onsite,No,45,315
2620,534,12/8/2023,6,Internal,before,Onsite,Yes,45,270
2621,239,4/10/2025,6,ProjectX,enough,Remote,No,45,270
2622,254,5/17/2024,7,CLIENT A,radio,Onsite,Yes,75,525
2623,768,6/28/2024,8,clienta,go,Onsite,Yes,60,480
2624,85,3/3/2025,9,ProjectX,single,Remote,No,75,675
2625,45,9/18/2024,8,CLIENT A,help,Onsite,No,30,240
2626,489,6/21/2025,8,ClientA,modern,Remote,Yes,60,480
2627,624,2/24/2024,6,clienta,notice,Hybrid,Yes,30,180
2628,53,1/7/2025,10,CLIENT A,capital,Remote,No,45,450
2629,542,5/23/2025,9,Internal,require,Hybrid,Yes,60,540
2630,273,7/31/2025,10,Internal,describe,Hybrid,Yes,60,600
2631,400,11/24/2023,8,clienta,education,Hybrid,Yes,75,600
2632,900,6/11/2025,6,ClientA,always,Remote,Yes,45,270
2633,575,2/19/2025,10,Research,wind,Onsite,No,75,750
2634,397,12/13/2024,6,CLIENT A,look,Onsite,No,75,450
2635,572,2/28/2025,9,Internal,enough,Onsite,No,45,405
2636,915,6/30/2024,6,ProjectX,watch,Onsite,Yes,60,360
2637,268,8/11/2025,8,ClientA,both,Remote,No,45,360
2638,830,3/24/2024,8,CLIENT A,clear,Onsite,No,60,480
2639,411,8/31/2024,9,clienta,door,Hybrid,Yes,75,675
2640,302,2/1/2025,9,ClientA,matter,Remote,No,75,675
2641,487,10/30/2024,8,Internal,past,Hybrid,No,60,480
2642,21,3/24/2025,10,ClientA,last,Hybrid,No,45,450
2643,330,4/8/2025,7,Research,crime,Remote,Yes,45,315
2644,447,5/6/2025,9,CLIENT A,view,Remote,No,45,405
2645,210,1/25/2024,7,Research,training,Hybrid,No,60,420
2646,199,1/26/2025,9,Internal,accept,Hybrid,Yes,75,675
2647,583,12/6/2024,6,ClientA,let,Remote,Yes,30,180
2648,508,1/11/2025,8,Research,sort,Hybrid,Yes,30,240
2649,134,8/16/2025,10,CLIENT A,physical,Remote,Yes,75,750
2650,572,9/12/2024,9,CLIENT A,keep,Hybrid,No,30,270
2651,751,12/18/2023,10,Research,strategy,Remote,Yes,75,750
2652,118,6/21/2025,9,CLIENT A,apply,Hybrid,Yes,30,270
2653,784,5/26/2024,10,ProjectX,major,Hybrid,Yes,45,450
2654,14,2/4/2024,8,clienta,practice,Remote,No,45,360
2655,728,1/4/2024,6,Research,third,Remote,No,60,360
2656,540,3/2/2025,7,Research,teach,Remote,Yes,60,420
2657,697,7/17/2025,8,Internal,collection,Onsite,No,45,360
2658,255,12/19/2023,6,CLIENT A,prepare,Onsite,No,45,270
2659,372,10/3/2025,8,ClientA,claim,Hybrid,Yes,60,480
2660,791,1/21/2025,9,ProjectX,region,Hybrid,No,30,270
2661,543,9/23/2024,10,Internal,than,Remote,No,45,450
2662,426,11/13/2024,7,Internal,notice,Hybrid,No,60,420
2663,391,9/8/2024,10,Research,miss,Remote,No,45,450
2664,509,1/16/2025,10,ProjectX,check,Hybrid,Yes,30,300
2665,145,4/9/2025,10,clienta,shake,Hybrid,Yes,45,450
2666,915,5/16/2025,8,ClientA,process,Onsite,Yes,45,360
2667,111,10/16/2024,10,ProjectX,often,Remote,No,60,600
2668,28,8/24/2024,8,Research,they,Hybrid,Yes,45,360
2669,635,8/27/2025,8,Internal,may,Onsite,Yes,60,480
2670,45,5/31/2025,6,Internal,least,Onsite,No,30,180
2671,194,3/25/2024,9,clienta,state,Onsite,No,45,405
2672,585,11/8/2024,7,Research,east,Onsite,No,30,210
2673,604,3/19/2025,6,Research,role,Onsite,Yes,75,450
2674,577,12/30/2024,9,clienta,wait,Hybrid,Yes,75,675
2675,702,6/2/2024,6,CLIENT A,movement,Remote,Yes,30,180
2676,850,9/2/2025,9,Research,vote,Hybrid,No,75,675
2677,220,7/18/2025,7,ClientA,design,Onsite,Yes,75,525
2678,901,6/28/2024,10,Research,hour,Remote,Yes,45,450
2679,41,6/7/2024,8,CLIENT A,better,Hybrid,Yes,45,360
2680,818,12/14/2024,7,CLIENT A,outside,Remote,Yes,60,420
2681,984,3/11/2025,8,clienta,speak,Hybrid,Yes,30,240
2682,556,5/18/2024,6,Internal,speak,Remote,No,75,450
2683,649,11/21/2024,7,CLIENT A,ground,Remote,Yes,75,525
2684,407,5/30/2024,9,ProjectX,eight,Onsite,Yes,45,405
2685,229,3/24/2024,6,Internal,Congress,Remote,No,45,270
2686,829,11/11/2023,9,Research,bed,Hybrid,No,60,540
2687,317,4/1/2024,6,clienta,truth,Onsite,No,45,270
2688,585,7/22/2024,9,clienta,fine,Hybrid,No,75,675
2689,936,3/1/2025,8,ClientA,suggest,Hybrid,Yes,30,240
2690,119,8/23/2025,10,clienta,once,Onsite,Yes,30,300
2691,441,1/21/2025,7,Research,process,Remote,Yes,75,525
2692,331,11/20/2023,6,ProjectX,night,Onsite,No,60,360
2693,662,12/13/2023,8,Internal,animal,Hybrid,Yes,60,480
2694,641,10/23/2024,7,ProjectX,window,Remote,No,60,420
2695,540,11/25/2024,10,CLIENT A,mean,Onsite,Yes,75,750
2696,690,4/23/2025,8,CLIENT A,seem,Remote,No,60,480
2697,647,8/18/2024,10,Research,arrive,Onsite,No,75,750
2698,291,5/26/2024,8,clienta,product,Hybrid,No,60,480
2699,647,10/24/2025,8,CLIENT A,side,Remote,No,75,600
2700,498,4/14/2025,9,ProjectX,Mr,Onsite,Yes,75,675
2701,299,5/16/2024,6,Internal,inside,Remote,No,45,270
2702,754,4/8/2025,10,CLIENT A,cost,Hybrid,No,75,750
2703,434,2/1/2024,8,Internal,Mr,Remote,Yes,60,480
2704,88,4/22/2024,9,ProjectX,federal,Onsite,Yes,30,270
2705,878,5/19/2025,10,CLIENT A,above,Hybrid,Yes,60,600
2706,264,7/30/2025,6,clienta,meet,Onsite,Yes,60,360
2707,659,2/8/2024,8,Research,professor,Onsite,No,60,480
2708,444,10/10/2024,9,CLIENT A,better,Remote,Yes,30,270
2709,753,10/24/2025,6,Internal,discussion,Onsite,No,75,450
2710,658,7/16/2025,10,CLIENT A,eye,Onsite,No,60,600
2711,633,11/4/2025,10,CLIENT A,wind,Hybrid,No,60,600
2712,455,7/22/2024,9,clienta,network,Hybrid,Yes,45,405
2713,412,4/19/2025,9,clienta,well,Onsite,Yes,45,405
2714,981,2/9/2024,10,clienta,any,Remote,Yes,45,450
2715,972,3/1/2025,9,Research,property,Remote,Yes,45,405
2716,682,8/29/2024,7,clienta,let,Remote,No,45,315
2717,384,5/19/2024,9,ProjectX,person,Onsite,No,60,540
2718,357,11/14/2023,10,clienta,scientist,Hybrid,No,45,450
2719,545,1/2/2024,7,Internal,open,Onsite,Yes,30,210
2720,859,2/24/2025,8,Research,light,Onsite,Yes,75,600
2721,973,5/13/2025,6,Research,enough,Hybrid,Yes,60,360
2722,805,5/14/2024,9,ClientA,mean,Hybrid,No,60,540
2723,1,5/29/2025,8,CLIENT A,never,Onsite,Yes,75,600
2724,273,2/8/2025,7,Research,smile,Onsite,Yes,30,210
2725,363,6/16/2024,9,ProjectX,director,Onsite,No,45,405
2726,833,5/20/2025,6,clienta,choice,Hybrid,No,60,360
2727,354,8/12/2025,9,clienta,student,Remote,No,60,540
2728,556,5/31/2025,6,Internal,machine,Hybrid,No,60,360
2729,540,1/4/2024,7,ClientA,later,Hybrid,Yes,75,525
2730,733,9/11/2025,8,ProjectX,down,Remote,Yes,75,600
2731,554,9/27/2025,6,Internal,nation,Remote,Yes,30,180
2732,569,3/13/2024,10,Research,change,Remote,No,30,300
2733,518,4/11/2024,8,clienta,yard,Onsite,No,75,600
2734,453,6/8/2025,6,Internal,offer,Onsite,Yes,45,270
2735,708,4/29/2024,7,clienta,manager,Onsite,No,75,525
2736,31,11/17/2023,9,Research,drop,Onsite,No,30,270
2737,383,11/17/2023,8,CLIENT A,decade,Remote,No,45,360
2738,474,2/25/2025,8,ProjectX,name,Onsite,No,75,600
2739,453,10/13/2025,7,ClientA,official,Hybrid,Yes,75,525
2740,769,10/9/2024,9,Research,teach,Onsite,Yes,30,270
2741,262,6/21/2025,10,CLIENT A,physical,Onsite,No,60,600
2742,613,5/18/2024,8,Internal,hundred,Onsite,Yes,45,360
2743,773,1/1/2024,10,CLIENT A,certain,Onsite,Yes,45,450
2744,206,1/28/2024,9,Research,cell,Remote,Yes,60,540
2745,928,9/15/2025,6,ClientA,rather,Hybrid,Yes,30,180
2746,39,9/12/2025,8,ProjectX,address,Hybrid,Yes,45,360
2747,731,5/18/2024,9,clienta,police,Remote,Yes,45,405
2748,245,11/7/2024,6,ClientA,they,Remote,No,60,360
2749,783,6/3/2024,6,Research,present,Remote,No,60,360
2750,795,8/9/2025,7,clienta,same,Onsite,Yes,75,525
2751,114,11/22/2023,7,CLIENT A,the,Onsite,Yes,60,420
2752,855,4/26/2025,8,ClientA,agent,Hybrid,Yes,30,240
2753,348,10/22/2024,8,CLIENT A,lose,Onsite,Yes,75,600
2754,677,10/21/2025,10,ClientA,bit,Onsite,Yes,60,600
2755,465,5/5/2025,8,CLIENT A,politics,Onsite,Yes,30,240
2756,509,8/28/2024,7,ClientA,time,Remote,Yes,60,420
2757,479,2/6/2024,8,Internal,edge,Onsite,No,30,240
2758,644,1/9/2025,10,clienta,establish,Onsite,Yes,60,600
2759,783,10/20/2025,8,clienta,heavy,Hybrid,Yes,30,240
2760,333,5/21/2024,6,clienta,past,Hybrid,No,30,180
2761,525,12/17/2024,6,Research,citizen,Remote,No,75,450
2762,33,5/24/2024,6,ProjectX,Mr,Hybrid,No,45,270
2763,194,10/3/2025,8,Internal,memory,Onsite,No,45,360
2764,63,12/8/2023,9,Internal,near,Remote,No,60,540
2765,524,2/17/2025,8,clienta,full,Remote,No,60,480
2766,377,7/14/2024,7,Research,price,Hybrid,Yes,45,315
2767,317,11/18/2024,10,CLIENT A,personal,Remote,No,45,450
2768,438,9/6/2024,9,Internal,start,Hybrid,Yes,30,270
2769,90,2/23/2025,6,clienta,night,Onsite,Yes,60,360
2770,27,10/19/2024,10,ClientA,before,Onsite,Yes,45,450
2771,643,1/17/2025,8,ProjectX,room,Onsite,No,60,480
2772,70,8/20/2024,9,Internal,key,Hybrid,Yes,75,675
2773,841,12/3/2023,10,Internal,a,Remote,No,45,450
2774,619,6/27/2024,7,clienta,decision,Remote,Yes,60,420
2775,451,2/26/2025,6,ClientA,now,Remote,Yes,30,180
2776,544,6/20/2024,8,clienta,trial,Hybrid,Yes,45,360
2777,9,4/27/2024,10,Internal,society,Hybrid,No,75,750
2778,65,2/2/2024,9,Research,old,Hybrid,No,30,270
2779,531,7/17/2024,8,ClientA,position,Remote,Yes,75,600
2780,700,7/8/2025,6,ClientA,political,Remote,Yes,60,360
2781,774,10/25/2024,10,ClientA,whether,Onsite,No,75,750
2782,783,1/22/2024,7,Research,significant,Hybrid,Yes,45,315
2783,983,5/5/2025,6,Research,street,Onsite,No,30,180
2784,928,4/16/2024,9,CLIENT A,program,Onsite,Yes,60,540
2785,954,9/19/2024,7,clienta,book,Onsite,Yes,45,315
2786,953,8/10/2025,10,CLIENT A,recognize,Remote,Yes,30,300
2787,210,9/11/2025,6,Internal,audience,Hybrid,Yes,30,180
2788,730,12/26/2023,10,ClientA,clearly,Hybrid,Yes,75,750
2789,999,8/4/2025,8,Research,traditional,Onsite,No,60,480
2790,629,3/29/2025,8,ClientA,local,Remote,Yes,75,600
2791,892,1/25/2024,8,CLIENT A,camera,Remote,No,45,360
2792,7,8/13/2024,8,ProjectX,thing,Remote,Yes,45,360
2793,770,6/17/2024,10,ClientA,throw,Remote,No,75,750
2794,221,5/7/2024,10,ProjectX,shake,Hybrid,Yes,60,600
2795,989,11/19/2023,6,CLIENT A,significant,Remote,Yes,75,450
2796,1,6/8/2025,7,Research,close,Remote,No,45,315
2797,212,7/25/2025,6,CLIENT A,maybe,Hybrid,No,75,450
2798,361,1/5/2025,6,clienta,herself,Onsite,No,30,180
2799,834,12/29/2023,7,ClientA,evidence,Remote,No,75,525
2800,490,7/15/2025,8,Internal,prove,Hybrid,Yes,45,360
2801,462,8/19/2025,7,CLIENT A,officer,Hybrid,Yes,75,525
2802,46,1/2/2024,7,ClientA,walk,Onsite,Yes,45,315
2803,613,12/30/2023,8,Research,subject,Remote,No,75,600
2804,950,1/3/2024,8,Research,take,Remote,Yes,30,240
2805,878,9/27/2025,10,ClientA,order,Onsite,No,75,750
2806,844,4/16/2025,9,ProjectX,table,Remote,Yes,75,675
2807,516,4/18/2024,9,CLIENT A,both,Hybrid,No,45,405
2808,553,10/19/2024,8,ProjectX,growth,Remote,No,30,240
2809,272,12/14/2023,8,ProjectX,range,Hybrid,Yes,75,600
2810,524,7/26/2024,8,ClientA,ball,Hybrid,Yes,45,360
2811,298,6/9/2024,8,CLIENT A,very,Remote,No,60,480
2812,265,6/18/2024,9,Internal,success,Onsite,No,60,540
2813,945,5/10/2024,9,ProjectX,political,Remote,Yes,30,270
2814,713,9/4/2024,10,ProjectX,financial,Remote,No,30,300
2815,309,6/26/2024,10,CLIENT A,model,Onsite,Yes,45,450
2816,495,7/8/2024,7,Research,operation,Hybrid,Yes,30,210
2817,954,2/7/2025,10,Internal,entire,Hybrid,Yes,75,750
2818,365,11/1/2024,7,ClientA,culture,Remote,No,60,420
2819,287,6/18/2025,9,clienta,model,Onsite,No,30,270
2820,712,5/4/2025,9,Internal,that,Hybrid,No,75,675
2821,834,3/13/2025,10,clienta,child,Remote,No,60,600
2822,959,9/1/2024,10,clienta,war,Remote,Yes,45,450
2823,972,11/16/2023,9,ProjectX,road,Remote,No,75,675
2824,301,12/7/2023,6,clienta,how,Remote,Yes,60,360
2825,722,6/19/2025,6,ProjectX,others,Onsite,No,45,270
2826,46,1/18/2024,6,ClientA,research,Remote,Yes,60,360
2827,752,8/28/2025,10,CLIENT A,southern,Onsite,Yes,75,750
2828,202,6/5/2024,6,clienta,doctor,Hybrid,No,75,450
2829,998,6/25/2025,8,Research,effort,Remote,Yes,75,600
2830,230,6/4/2024,10,CLIENT A,themselves,Remote,No,30,300
2831,260,8/6/2024,9,clienta,should,Remote,Yes,60,540
2832,886,11/13/2023,7,Internal,rest,Onsite,Yes,60,420
2833,594,8/29/2025,10,Research,wear,Hybrid,No,75,750
2834,951,2/16/2024,7,clienta,should,Hybrid,No,45,315
2835,69,5/20/2024,8,clienta,television,Hybrid,No,60,480
2836,953,7/11/2024,9,ClientA,easy,Remote,No,60,540
2837,944,11/19/2023,9,Research,black,Remote,No,45,405
2838,412,8/18/2024,9,ClientA,amount,Onsite,Yes,75,675
2839,762,7/14/2024,6,Research,fish,Hybrid,Yes,45,270
2840,146,4/19/2024,6,CLIENT A,city,Hybrid,No,60,360
2841,401,6/14/2025,10,CLIENT A,lawyer,Onsite,Yes,60,600
2842,513,6/30/2025,7,CLIENT A,president,Hybrid,No,75,525
2843,963,7/6/2025,7,ProjectX,town,Remote,No,45,315
2844,437,8/30/2025,6,ProjectX,leg,Onsite,Yes,45,270
2845,865,4/15/2024,10,CLIENT A,value,Onsite,Yes,60,600
2846,448,6/29/2024,7,Research,behavior,Hybrid,No,30,210
2847,134,5/14/2025,6,CLIENT A,present,Onsite,Yes,45,270
2848,34,12/5/2024,10,clienta,never,Remote,Yes,75,750
2849,515,1/29/2025,10,CLIENT A,close,Onsite,No,30,300
2850,481,7/6/2025,10,Internal,spend,Onsite,Yes,30,300
2851,468,11/7/2024,6,Research,reduce,Onsite,Yes,30,180
2852,787,8/9/2025,8,ClientA,return,Remote,No,60,480
2853,936,7/11/2024,7,Internal,minute,Hybrid,No,45,315
2854,806,4/16/2024,9,Internal,beat,Remote,No,60,540
2855,944,3/9/2025,6,Internal,when,Hybrid,No,60,360
2856,363,4/8/2024,8,clienta,deep,Onsite,No,30,240
2857,178,12/25/2023,7,clienta,floor,Onsite,Yes,30,210
2858,475,8/21/2025,9,Internal,soon,Onsite,Yes,75,675
2859,812,6/4/2025,8,ProjectX,exist,Hybrid,Yes,45,360
2860,642,12/23/2024,9,Internal,turn,Remote,Yes,60,540
2861,96,11/6/2025,6,Research,class,Hybrid,No,30,180
2862,251,5/26/2025,6,ClientA,large,Onsite,No,75,450
2863,856,11/10/2024,6,Research,light,Remote,No,45,270
2864,338,7/25/2024,8,clienta,detail,Onsite,No,60,480
2865,169,6/26/2024,9,ProjectX,cup,Hybrid,No,45,405
2866,364,3/25/2025,7,Research,south,Onsite,No,45,315
2867,991,12/20/2023,8,CLIENT A,large,Hybrid,Yes,60,480
2868,874,12/20/2023,7,ClientA,hard,Remote,Yes,45,315
2869,338,4/29/2024,6,clienta,get,Remote,No,75,450
2870,973,4/12/2024,7,Internal,article,Hybrid,Yes,60,420
2871,924,3/11/2025,10,Internal,forward,Hybrid,No,30,300
2872,976,9/25/2025,6,ProjectX,executive,Remote,Yes,60,360
2873,723,6/22/2024,8,ClientA,trade,Hybrid,No,75,600
2874,829,7/7/2025,6,ClientA,art,Remote,Yes,45,270
2875,580,1/29/2024,10,clienta,condition,Hybrid,No,30,300
2876,652,6/25/2025,10,ClientA,rich,Onsite,Yes,75,750
2877,822,10/3/2024,9,Research,cold,Hybrid,No,75,675
2878,304,11/24/2023,6,Research,federal,Remote,Yes,30,180
2879,399,3/30/2025,9,Internal,student,Hybrid,No,75,675
2880,991,5/14/2025,7,ClientA,single,Remote,Yes,45,315
2881,296,7/1/2025,9,Research,home,Onsite,No,75,675
2882,43,10/22/2024,7,ClientA,west,Onsite,Yes,60,420
2883,708,12/27/2024,8,Internal,turn,Hybrid,Yes,30,240
2884,708,6/2/2024,8,CLIENT A,grow,Onsite,No,30,240
2885,390,4/26/2024,10,Internal,history,Hybrid,Yes,75,750
2886,522,10/7/2025,6,Internal,shoulder,Remote,No,30,180
2887,526,9/4/2024,9,ClientA,civil,Onsite,Yes,60,540
2888,233,1/12/2025,9,CLIENT A,recognize,Remote,Yes,60,540
2889,32,7/4/2025,10,clienta,education,Remote,No,75,750
2890,815,1/16/2024,10,ClientA,development,Hybrid,Yes,75,750
2891,338,12/1/2024,8,ClientA,strategy,Hybrid,Yes,45,360
2892,813,1/19/2024,10,ClientA,through,Remote,Yes,60,600
2893,449,10/11/2024,8,Research,send,Remote,No,75,600
2894,235,11/19/2024,9,ClientA,else,Onsite,Yes,75,675
2895,641,10/26/2024,8,ClientA,fish,Remote,Yes,60,480
2896,326,5/12/2024,8,Research,happy,Onsite,No,45,360
2897,531,11/1/2024,7,CLIENT A,significant,Onsite,Yes,30,210
2898,692,11/26/2023,10,CLIENT A,behind,Hybrid,No,60,600
2899,643,4/30/2025,7,ProjectX,ok,Remote,No,60,420
2900,59,11/18/2023,9,CLIENT A,decade,Remote,Yes,30,270
2901,967,12/21/2024,10,ProjectX,program,Onsite,Yes,75,750
2902,340,6/14/2024,7,CLIENT A,piece,Onsite,No,45,315
2903,507,5/26/2024,9,clienta,society,Remote,No,75,675
2904,604,12/23/2024,6,Research,per,Hybrid,No,75,450
2905,428,3/20/2025,7,ProjectX,modern,Remote,Yes,75,525
2906,703,8/27/2024,7,CLIENT A,ask,Onsite,No,60,420
2907,142,4/13/2024,6,ProjectX,politics,Onsite,No,45,270
2908,991,12/21/2023,9,ProjectX,can,Hybrid,No,60,540
2909,655,5/30/2025,10,clienta,think,Hybrid,No,75,750
2910,808,8/3/2024,9,Research,why,Hybrid,Yes,60,540
2911,671,3/7/2024,8,ClientA,service,Hybrid,Yes,30,240
2912,96,2/19/2024,10,ClientA,charge,Remote,No,75,750
2913,249,7/13/2025,8,Internal,role,Hybrid,Yes,30,240
2914,725,6/16/2024,7,CLIENT A,station,Onsite,No,45,315
2915,302,12/29/2024,6,ProjectX,sea,Onsite,Yes,75,450
2916,604,12/9/2023,10,ProjectX,organization,Hybrid,Yes,30,300
2917,399,6/14/2025,8,ClientA,attorney,Hybrid,Yes,75,600
2918,122,10/27/2025,9,Research,value,Remote,No,75,675
2919,740,7/10/2024,8,Research,much,Remote,Yes,45,360
2920,419,8/19/2024,6,ClientA,become,Hybrid,Yes,75,450
2921,651,3/7/2025,8,clienta,evening,Onsite,No,45,360
2922,488,12/7/2024,9,ProjectX,push,Remote,Yes,45,405
2923,232,9/7/2025,10,ProjectX,economy,Remote,No,30,300
2924,17,11/9/2023,8,Research,start,Onsite,Yes,75,600
2925,931,5/13/2024,9,clienta,food,Remote,Yes,60,540
2926,447,11/23/2024,8,clienta,improve,Hybrid,Yes,30,240
2927,115,2/24/2024,6,CLIENT A,success,Hybrid,Yes,75,450
2928,378,1/5/2024,9,ClientA,truth,Onsite,Yes,75,675
2929,407,2/11/2024,6,ProjectX,century,Onsite,Yes,60,360
2930,91,7/22/2024,7,Research,that,Hybrid,No,60,420
2931,863,8/25/2024,9,ProjectX,suggest,Onsite,Yes,30,270
2932,594,10/24/2024,7,Internal,computer,Remote,No,30,210
2933,380,2/17/2025,9,Research,attention,Hybrid,Yes,60,540
2934,960,2/15/2024,8,clienta,institution,Hybrid,No,60,480
2935,658,1/21/2024,10,Research,key,Onsite,No,75,750
2936,266,6/7/2024,7,CLIENT A,whatever,Hybrid,Yes,75,525
2937,541,1/30/2024,10,ClientA,include,Onsite,No,60,600
2938,545,11/7/2024,9,Internal,specific,Onsite,No,75,675
2939,795,12/29/2023,9,clienta,likely,Remote,No,45,405
2940,821,8/9/2025,6,ProjectX,military,Remote,No,30,180
2941,939,8/28/2024,6,clienta,allow,Onsite,No,45,270
2942,331,5/22/2025,7,CLIENT A,television,Onsite,Yes,30,210
2943,127,6/12/2024,8,CLIENT A,tonight,Hybrid,No,75,600
2944,506,3/17/2024,8,ProjectX,exist,Hybrid,Yes,75,600
2945,317,2/25/2024,10,clienta,rest,Hybrid,Yes,60,600
2946,746,7/19/2025,9,CLIENT A,those,Remote,Yes,30,270
2947,683,7/13/2024,10,Internal,food,Hybrid,Yes,30,300
2948,185,3/29/2024,10,ProjectX,beat,Onsite,No,30,300
2949,276,8/29/2024,10,ProjectX,executive,Hybrid,No,60,600
2950,475,12/5/2024,8,ProjectX,have,Onsite,No,30,240
2951,377,1/16/2024,7,ProjectX,west,Remote,No,75,525
2952,935,11/15/2023,7,clienta,statement,Hybrid,Yes,75,525
2953,25,3/14/2024,9,CLIENT A,stuff,Onsite,No,45,405
2954,185,7/10/2025,8,ClientA,throughout,Remote,No,60,480
2955,179,12/3/2023,6,ProjectX,certainly,Hybrid,Yes,60,360
2956,135,9/26/2025,9,ClientA,trouble,Remote,No,30,270
2957,875,4/30/2025,6,Research,likely,Hybrid,No,60,360
2958,232,6/24/2025,6,Internal,south,Onsite,No,75,450
2959,978,6/22/2024,10,Internal,heavy,Onsite,Yes,45,450
2960,626,7/17/2024,8,clienta,spring,Onsite,Yes,30,240
2961,58,5/30/2024,7,clienta,allow,Remote,No,60,420
2962,687,9/9/2025,8,clienta,night,Remote,No,45,360
2963,651,3/25/2025,7,ProjectX,card,Remote,No,45,315
2964,871,1/16/2025,7,clienta,product,Onsite,Yes,30,210
2965,721,9/14/2024,6,Internal,sister,Hybrid,No,30,180
2966,508,10/16/2024,10,Internal,she,Remote,No,45,450
2967,208,1/22/2025,9,CLIENT A,look,Onsite,Yes,30,270
2968,307,10/24/2024,7,ProjectX,north,Remote,No,75,525
2969,73,5/21/2025,9,Research,difference,Onsite,Yes,30,270
2970,802,4/11/2025,10,clienta,suggest,Remote,Yes,30,300
2971,438,6/21/2025,9,ClientA,eye,Hybrid,No,75,675
2972,336,4/4/2025,10,Research,although,Remote,No,30,300
2973,498,1/15/2025,6,ClientA,majority,Hybrid,No,60,360
2974,155,11/15/2023,9,Research,must,Remote,No,75,675
2975,280,7/2/2025,8,clienta,soldier,Onsite,No,60,480
2976,62,5/11/2024,7,CLIENT A,would,Remote,No,75,525
2977,268,4/29/2024,10,clienta,star,Onsite,No,45,450
2978,717,4/27/2024,7,Internal,amount,Remote,No,75,525
2979,490,8/18/2024,10,ProjectX,painting,Hybrid,Yes,45,450
2980,504,5/15/2024,8,Research,ok,Onsite,Yes,60,480
2981,165,1/25/2024,10,Internal,five,Hybrid,No,75,750
2982,737,11/22/2023,10,ProjectX,produce,Hybrid,No,60,600
2983,372,8/31/2025,9,ClientA,simple,Onsite,No,30,270
2984,758,7/6/2025,10,ClientA,visit,Remote,Yes,30,300
2985,242,3/7/2024,7,ClientA,meeting,Remote,Yes,75,525
2986,623,4/27/2024,10,Internal,exist,Onsite,Yes,45,450
2987,433,6/4/2024,9,ClientA,of,Onsite,No,75,675
2988,701,9/30/2025,7,ProjectX,table,Onsite,Yes,75,525
2989,451,9/13/2025,7,Research,contain,Remote,Yes,75,525
2990,31,12/28/2023,7,ProjectX,sense,Hybrid,No,60,420
2991,478,10/20/2024,10,CLIENT A,senior,Onsite,Yes,75,750
2992,465,12/3/2024,9,Internal,soon,Remote,No,75,675
2993,351,10/22/2024,9,ClientA,than,Hybrid,Yes,75,675
2994,546,12/10/2023,8,ClientA,sound,Remote,No,30,240
2995,244,8/4/2025,8,ClientA,treatment,Hybrid,Yes,45,360
2996,71,10/8/2024,7,ProjectX,determine,Onsite,No,60,420
2997,929,8/16/2025,6,ClientA,almost,Remote,No,75,450
2998,17,10/26/2025,10,Internal,international,Hybrid,No,60,600
2999,199,8/2/2024,7,CLIENT A,cell,Onsite,No,75,525
3000,505,7/1/2024,10,ClientA,condition,Hybrid,Yes,30,300
3001,383,10/9/2024,7,CLIENT A,over,Hybrid,No,60,420
3002,505,1/5/2024,7,Research,theory,Remote,Yes,30,210
3003,301,3/4/2025,9,ClientA,gun,Remote,No,30,270
3004,161,6/16/2024,7,Research,why,Hybrid,Yes,75,525
3005,307,12/23/2024,10,Internal,provide,Remote,Yes,30,300
3006,227,2/21/2024,10,CLIENT A,sing,Onsite,Yes,60,600
3007,189,3/14/2024,7,clienta,animal,Remote,No,45,315
3008,7,10/19/2025,9,ClientA,discussion,Onsite,Yes,30,270
3009,788,4/15/2025,7,CLIENT A,often,Onsite,No,60,420
3010,163,3/9/2024,9,CLIENT A,try,Hybrid,No,60,540
3011,336,2/13/2024,9,Internal,main,Remote,Yes,60,540
3012,858,11/13/2024,6,ProjectX,above,Hybrid,Yes,45,270
3013,654,11/6/2024,6,clienta,tell,Remote,No,60,360
3014,134,5/3/2025,7,ClientA,energy,Onsite,No,30,210
3015,366,10/12/2024,6,Research,eat,Remote,No,75,450
3016,500,9/18/2025,10,CLIENT A,too,Onsite,No,30,300
3017,65,7/15/2025,9,Internal,pretty,Onsite,No,75,675
3018,454,7/6/2024,7,clienta,street,Hybrid,No,75,525
3019,14,3/21/2024,7,ClientA,rich,Remote,Yes,30,210
3020,666,1/29/2024,8,CLIENT A,none,Remote,No,30,240
3021,231,8/18/2025,10,ClientA,home,Remote,No,30,300
3022,428,1/13/2024,7,ProjectX,painting,Hybrid,No,75,525
3023,511,4/11/2024,7,ProjectX,north,Hybrid,No,30,210
3024,530,4/11/2025,10,ClientA,before,Remote,Yes,45,450
3025,417,1/19/2025,8,CLIENT A,about,Remote,Yes,60,480
3026,181,12/16/2023,10,ProjectX,film,Hybrid,Yes,75,750
3027,674,2/12/2024,10,Internal,fund,Hybrid,Yes,45,450
3028,5,3/21/2024,7,clienta,security,Remote,Yes,45,315
3029,297,9/5/2024,9,ProjectX,style,Onsite,No,75,675
3030,489,4/19/2025,7,CLIENT A,class,Onsite,No,60,420
3031,520,12/6/2024,10,ClientA,should,Onsite,No,45,450
3032,991,11/27/2023,6,ClientA,bit,Hybrid,Yes,45,270
3033,491,2/29/2024,6,ClientA,student,Hybrid,No,60,360
3034,7,4/28/2024,10,ClientA,capital,Remote,No,60,600
3035,466,9/24/2025,9,Research,avoid,Remote,Yes,30,270
3036,519,12/18/2024,8,CLIENT A,believe,Remote,Yes,45,360
3037,407,4/17/2024,6,Research,story,Onsite,No,45,270
3038,139,12/30/2024,9,Internal,receive,Onsite,Yes,30,270
3039,375,9/19/2024,9,clienta,its,Remote,No,75,675
3040,163,7/1/2025,6,ProjectX,own,Hybrid,No,45,270
3041,278,2/25/2024,7,ProjectX,toward,Remote,No,75,525
3042,111,6/19/2024,7,clienta,its,Hybrid,Yes,75,525
3043,90,8/18/2025,9,ProjectX,you,Onsite,Yes,30,270
3044,751,8/4/2024,8,ProjectX,great,Onsite,Yes,45,360
3045,417,2/8/2024,10,Internal,threat,Onsite,No,30,300
3046,428,8/21/2024,9,ProjectX,throughout,Remote,Yes,30,270
3047,137,12/24/2023,9,ClientA,amount,Hybrid,Yes,60,540
3048,836,5/21/2025,9,CLIENT A,thousand,Remote,Yes,45,405
3049,689,8/29/2025,9,Internal,one,Remote,Yes,60,540
3050,814,3/9/2025,8,CLIENT A,street,Hybrid,Yes,60,480
3051,783,10/13/2024,7,Internal,central,Onsite,No,75,525
3052,271,4/18/2025,8,Internal,change,Onsite,No,45,360
3053,930,5/21/2025,6,Research,everything,Remote,Yes,60,360
3054,788,9/10/2025,9,ProjectX,scene,Hybrid,No,75,675
3055,456,3/19/2025,9,Research,fight,Remote,No,45,405
3056,595,10/19/2024,6,Internal,standard,Remote,No,60,360
3057,616,6/22/2024,10,Research,forget,Onsite,No,75,750
3058,995,7/23/2024,9,CLIENT A,sound,Onsite,No,60,540
3059,588,3/21/2025,8,Research,defense,Onsite,Yes,45,360
3060,355,9/29/2024,6,Research,personal,Onsite,Yes,45,270
3061,217,8/4/2024,10,Internal,newspaper,Hybrid,No,45,450
3062,221,5/23/2025,6,ClientA,audience,Onsite,No,45,270
3063,362,11/24/2023,8,ProjectX,base,Onsite,No,45,360
3064,281,7/20/2025,7,Internal,explain,Onsite,No,60,420
3065,164,5/28/2024,9,ClientA,beyond,Onsite,Yes,60,540
3066,529,3/20/2025,7,clienta,ability,Remote,Yes,45,315
3067,143,7/13/2025,9,ProjectX,Mr,Hybrid,No,30,270
3068,929,5/6/2024,6,ProjectX,save,Onsite,Yes,60,360
3069,716,8/29/2024,6,ProjectX,area,Remote,Yes,75,450
3070,877,6/23/2024,8,ClientA,left,Onsite,Yes,45,360
3071,437,6/24/2025,8,CLIENT A,six,Remote,Yes,45,360
3072,865,6/6/2025,10,CLIENT A,card,Hybrid,No,30,300
3073,677,6/5/2024,7,ClientA,direction,Hybrid,No,75,525
3074,210,3/21/2024,6,Internal,almost,Remote,Yes,60,360
3075,314,1/5/2025,10,Research,ago,Remote,No,75,750
3076,330,9/5/2024,7,Research,movie,Hybrid,Yes,45,315
3077,344,7/17/2024,6,CLIENT A,event,Remote,No,60,360
3078,731,11/17/2023,6,clienta,by,Hybrid,No,30,180
3079,889,1/25/2025,7,CLIENT A,indicate,Remote,Yes,30,210
3080,692,9/8/2024,7,ClientA,buy,Remote,No,45,315
3081,406,6/27/2024,10,clienta,church,Onsite,Yes,60,600
3082,833,10/24/2024,8,clienta,parent,Hybrid,No,60,480
3083,873,4/29/2024,8,Research,among,Hybrid,No,30,240
3084,916,3/26/2025,10,CLIENT A,tend,Hybrid,No,30,300
3085,196,2/28/2024,6,ProjectX,short,Remote,Yes,45,270
3086,125,11/27/2024,10,Internal,perform,Onsite,No,75,750
3087,616,7/22/2024,6,clienta,day,Remote,Yes,30,180
3088,767,1/1/2024,8,ProjectX,even,Hybrid,No,30,240
3089,284,2/4/2024,8,Internal,manage,Remote,Yes,60,480
3090,464,4/19/2024,9,ClientA,investment,Hybrid,Yes,45,405
3091,252,1/15/2024,9,Internal,child,Remote,No,30,270
3092,980,8/6/2024,7,CLIENT A,until,Hybrid,Yes,30,210
3093,717,3/21/2024,6,Internal,relate,Onsite,Yes,45,270
3094,964,2/10/2024,9,Research,animal,Remote,Yes,60,540
3095,299,8/23/2025,7,ProjectX,recognize,Hybrid,Yes,45,315
3096,890,1/8/2025,7,CLIENT A,city,Remote,No,75,525
3097,540,10/6/2025,10,CLIENT A,enjoy,Onsite,Yes,75,750
3098,785,10/21/2024,10,ProjectX,rate,Remote,No,45,450
3099,352,12/21/2023,6,ClientA,community,Hybrid,Yes,45,270
3100,787,7/22/2024,8,Research,information,Hybrid,No,75,600
3101,668,2/17/2024,10,Internal,would,Onsite,Yes,75,750
3102,231,7/26/2024,6,ProjectX,read,Onsite,No,30,180
3103,111,11/13/2023,8,CLIENT A,tend,Onsite,Yes,75,600
3104,867,1/19/2024,6,Research,cold,Onsite,No,75,450
3105,856,11/4/2025,6,ProjectX,soon,Hybrid,Yes,75,450
3106,994,4/19/2025,8,Research,safe,Hybrid,No,45,360
3107,305,6/14/2024,9,Research,time,Onsite,No,60,540
3108,959,3/16/2025,7,Internal,important,Onsite,No,75,525
3109,733,1/16/2025,6,Research,manager,Remote,Yes,60,360
3110,224,2/10/2024,7,clienta,career,Remote,Yes,45,315
3111,843,11/20/2023,9,CLIENT A,enough,Remote,Yes,75,675
3112,467,6/16/2025,9,CLIENT A,today,Hybrid,No,75,675
3113,630,2/6/2024,6,CLIENT A,among,Onsite,Yes,30,180
3114,153,8/15/2024,10,ProjectX,after,Remote,Yes,30,300
3115,333,10/3/2025,10,clienta,send,Hybrid,No,75,750
3116,80,11/8/2023,7,Research,she,Remote,No,45,315
3117,451,7/8/2024,7,ClientA,prepare,Hybrid,Yes,45,315
3118,756,1/2/2024,6,Research,discover,Onsite,Yes,75,450
3119,954,2/26/2025,8,CLIENT A,of,Onsite,No,75,600
3120,240,8/27/2024,10,Research,interesting,Hybrid,Yes,75,750
3121,278,4/17/2024,7,CLIENT A,always,Remote,No,45,315
3122,557,7/8/2024,7,Research,upon,Onsite,Yes,60,420
3123,283,4/3/2024,9,ProjectX,north,Onsite,Yes,60,540
3124,174,11/6/2024,10,ClientA,budget,Remote,No,45,450
3125,293,3/21/2025,7,Internal,drive,Remote,No,30,210
3126,543,9/5/2025,10,Research,forget,Remote,Yes,45,450
3127,652,2/18/2024,8,Internal,piece,Onsite,No,30,240
3128,354,3/3/2025,7,ProjectX,hope,Hybrid,Yes,75,525
3129,552,11/21/2024,9,Research,order,Hybrid,Yes,75,675
3130,701,1/1/2024,9,ClientA,official,Remote,No,75,675
3131,786,9/4/2025,6,ProjectX,federal,Remote,No,45,270
3132,632,1/10/2025,8,clienta,explain,Remote,No,60,480
3133,891,6/27/2024,7,CLIENT A,hard,Remote,No,60,420
3134,382,11/7/2024,6,ClientA,old,Onsite,No,30,180
3135,718,5/27/2024,7,ProjectX,expert,Onsite,Yes,75,525
3136,690,7/6/2025,9,CLIENT A,network,Remote,No,45,405
3137,733,3/13/2025,9,Research,century,Remote,Yes,75,675
3138,816,1/30/2025,8,Internal,within,Hybrid,No,45,360
3139,974,4/27/2025,9,CLIENT A,hotel,Onsite,Yes,30,270
3140,426,10/26/2024,6,CLIENT A,trouble,Onsite,Yes,60,360
3141,63,12/4/2024,8,CLIENT A,whose,Remote,Yes,30,240
3142,464,11/10/2024,7,Research,girl,Remote,Yes,30,210
3143,963,7/23/2025,9,Internal,treat,Remote,No,60,540
3144,249,2/8/2024,6,Internal,federal,Hybrid,Yes,30,180
3145,765,4/4/2025,6,ProjectX,data,Remote,No,75,450
3146,3,7/23/2024,8,ClientA,industry,Hybrid,Yes,75,600
3147,992,1/18/2024,8,Internal,society,Remote,Yes,60,480
3148,595,3/16/2025,6,Research,data,Onsite,Yes,30,180
3149,249,11/8/2023,9,CLIENT A,phone,Onsite,No,60,540
3150,290,3/5/2024,9,ProjectX,treat,Remote,Yes,30,270
3151,200,4/2/2025,10,ClientA,everybody,Hybrid,Yes,45,450
3152,565,12/6/2023,8,ClientA,discussion,Onsite,Yes,45,360
3153,774,12/20/2023,6,clienta,church,Hybrid,No,45,270
3154,475,9/13/2025,7,ProjectX,like,Onsite,Yes,30,210
3155,839,11/8/2024,7,ClientA,ever,Remote,Yes,75,525
3156,239,4/4/2024,6,Internal,which,Hybrid,No,60,360
3157,615,1/4/2025,9,ProjectX,TV,Onsite,No,30,270
3158,588,9/24/2025,6,Research,activity,Onsite,Yes,45,270
3159,913,2/6/2025,6,Internal,stand,Hybrid,Yes,45,270
3160,112,1/27/2024,6,Internal,need,Remote,No,60,360
3161,435,2/12/2024,6,ClientA,again,Remote,Yes,75,450
3162,813,5/19/2025,9,clienta,close,Hybrid,Yes,30,270
3163,227,8/12/2024,7,clienta,dark,Remote,No,60,420
3164,767,2/20/2024,8,Research,type,Remote,Yes,75,600
3165,346,12/3/2024,9,CLIENT A,key,Hybrid,Yes,45,405
3166,380,8/12/2025,6,Research,hard,Remote,Yes,75,450
3167,470,3/5/2024,7,Research,number,Onsite,Yes,45,315
3168,667,1/15/2024,6,Internal,politics,Onsite,Yes,60,360
3169,942,3/5/2024,10,ClientA,happy,Onsite,No,30,300
3170,288,1/1/2025,7,ProjectX,down,Onsite,No,30,210
3171,54,6/27/2024,10,ClientA,also,Remote,Yes,75,750
3172,482,2/15/2024,7,clienta,approach,Hybrid,Yes,60,420
3173,766,10/8/2024,10,CLIENT A,study,Hybrid,Yes,30,300
3174,948,12/12/2024,8,Internal,green,Remote,No,60,480
3175,892,7/30/2025,9,ProjectX,stock,Remote,Yes,30,270
3176,417,7/8/2025,6,Internal,popular,Onsite,No,45,270
3177,379,5/10/2025,6,clienta,drop,Onsite,Yes,30,180
3178,974,8/24/2024,6,CLIENT A,pressure,Onsite,Yes,30,180
3179,583,5/4/2024,9,clienta,black,Onsite,No,75,675
3180,893,3/2/2025,6,Internal,already,Onsite,Yes,30,180
3181,418,4/12/2025,7,Internal,sell,Remote,No,45,315
3182,774,9/20/2025,7,ClientA,occur,Onsite,No,30,210
3183,33,4/3/2025,10,clienta,impact,Hybrid,Yes,60,600
3184,170,7/28/2024,7,clienta,herself,Onsite,No,30,210
3185,92,6/9/2025,8,CLIENT A,test,Hybrid,No,60,480
3186,57,10/25/2025,9,clienta,reach,Remote,No,30,270
3187,800,7/16/2024,7,CLIENT A,son,Remote,No,30,210
3188,659,6/8/2025,9,CLIENT A,voice,Remote,Yes,45,405
3189,804,7/23/2025,8,Internal,fill,Remote,Yes,60,480
3190,792,8/16/2025,7,CLIENT A,analysis,Remote,No,60,420
3191,20,7/12/2025,7,Research,some,Hybrid,Yes,30,210
3192,609,8/17/2024,8,ClientA,wonder,Onsite,Yes,45,360
3193,348,6/5/2024,9,Internal,sport,Hybrid,No,60,540
3194,608,12/29/2023,8,ClientA,three,Remote,Yes,45,360
3195,497,8/11/2025,8,clienta,certainly,Onsite,No,45,360
3196,686,11/4/2024,9,ClientA,trial,Onsite,No,45,405
3197,580,6/3/2025,8,clienta,instead,Hybrid,No,75,600
3198,160,6/8/2025,9,Internal,artist,Hybrid,No,45,405
3199,901,3/1/2024,8,Research,base,Hybrid,Yes,75,600
3200,693,6/18/2025,9,ProjectX,foot,Onsite,No,60,540
3201,90,5/9/2024,7,Internal,know,Hybrid,No,75,525
3202,867,3/31/2024,8,ClientA,again,Remote,No,60,480
3203,894,12/9/2023,6,CLIENT A,agreement,Hybrid,No,75,450
3204,460,6/25/2025,10,Research,religious,Remote,Yes,75,750
3205,772,10/12/2025,9,Research,table,Hybrid,No,30,270
3206,148,4/22/2024,9,CLIENT A,civil,Remote,Yes,30,270
3207,397,6/25/2025,6,CLIENT A,computer,Hybrid,No,45,270
3208,444,12/24/2023,6,Research,that,Hybrid,No,60,360
3209,297,4/5/2025,10,ClientA,history,Hybrid,Yes,45,450
3210,757,6/17/2024,9,ProjectX,support,Onsite,No,30,270
3211,236,3/1/2024,8,ClientA,while,Remote,Yes,60,480
3212,460,5/19/2024,7,clienta,station,Hybrid,No,75,525
3213,3,7/22/2024,6,clienta,system,Remote,No,60,360
3214,322,8/18/2025,9,Research,put,Remote,Yes,30,270
3215,590,3/27/2024,10,clienta,to,Onsite,No,60,600
3216,145,1/31/2024,7,clienta,whatever,Onsite,No,60,420
3217,40,10/17/2024,6,ClientA,discuss,Onsite,No,60,360
3218,202,7/23/2025,7,Internal,to,Onsite,No,75,525
3219,859,11/17/2023,8,CLIENT A,late,Remote,Yes,75,600
3220,799,6/6/2025,6,ProjectX,order,Onsite,Yes,45,270
3221,791,9/28/2024,7,ProjectX,someone,Hybrid,No,60,420
3222,288,2/25/2025,6,CLIENT A,Democrat,Onsite,Yes,30,180
3223,277,4/6/2024,7,ClientA,focus,Remote,No,30,210
3224,446,10/6/2024,8,Research,decade,Hybrid,No,30,240
3225,993,7/10/2024,6,ClientA,few,Hybrid,No,60,360
3226,734,12/18/2024,10,Internal,agree,Hybrid,Yes,45,450
3227,70,7/31/2024,7,ClientA,have,Hybrid,No,45,315
3228,693,3/17/2024,10,ClientA,already,Remote,No,30,300
3229,715,11/14/2024,10,Internal,in,Onsite,Yes,30,300
3230,849,10/27/2024,7,Research,cold,Onsite,No,45,315
3231,874,4/24/2025,9,Research,future,Remote,Yes,45,405
3232,362,9/10/2025,8,ProjectX,former,Onsite,No,60,480
3233,844,10/26/2025,6,Internal,prepare,Hybrid,No,45,270
3234,512,12/19/2024,6,ClientA,artist,Onsite,Yes,30,180
3235,948,11/16/2024,6,Research,set,Onsite,Yes,30,180
3236,883,12/12/2023,7,Research,rather,Hybrid,No,30,210
3237,904,12/27/2023,10,ClientA,method,Onsite,Yes,45,450
3238,819,6/24/2024,6,Internal,hour,Remote,No,30,180
3239,110,11/18/2023,9,ProjectX,meet,Hybrid,No,45,405
3240,802,10/14/2025,6,ProjectX,more,Onsite,Yes,60,360
3241,131,7/3/2025,9,CLIENT A,beyond,Remote,Yes,30,270
3242,602,12/19/2024,7,Internal,night,Remote,No,45,315
3243,418,10/3/2025,10,clienta,certainly,Hybrid,No,75,750
3244,556,12/2/2024,9,ProjectX,as,Remote,No,30,270
3245,989,2/28/2024,8,clienta,public,Hybrid,No,60,480
3246,545,5/27/2025,10,ClientA,agent,Remote,No,60,600
3247,696,10/31/2024,7,Research,suggest,Onsite,Yes,75,525
3248,479,2/9/2025,9,Internal,glass,Onsite,No,60,540
3249,74,2/22/2025,9,Research,bag,Hybrid,No,60,540
3250,848,2/14/2025,6,ClientA,difference,Onsite,No,75,450
3251,631,3/25/2025,10,Research,stock,Remote,Yes,60,600
3252,567,6/28/2024,9,ProjectX,may,Remote,Yes,30,270
3253,306,6/9/2025,10,clienta,can,Onsite,No,60,600
3254,663,12/18/2024,8,Internal,lawyer,Hybrid,Yes,45,360
3255,106,7/4/2024,6,clienta,white,Hybrid,No,45,270
3256,254,8/29/2024,10,ClientA,few,Remote,Yes,30,300
3257,866,11/28/2024,6,Internal,whatever,Remote,No,75,450
3258,510,9/7/2025,6,Internal,face,Remote,Yes,75,450
3259,765,3/23/2025,8,clienta,success,Remote,No,60,480
3260,202,4/25/2024,9,clienta,as,Hybrid,No,75,675
3261,621,12/2/2024,9,ProjectX,meeting,Remote,Yes,75,675
3262,873,12/26/2023,10,ClientA,former,Hybrid,No,75,750
3263,362,12/24/2024,10,CLIENT A,me,Hybrid,No,75,750
3264,475,7/11/2024,8,clienta,increase,Hybrid,Yes,60,480
3265,58,10/30/2024,8,Research,lead,Remote,Yes,60,480
3266,647,1/7/2025,10,Research,term,Onsite,No,45,450
3267,723,11/19/2023,7,CLIENT A,white,Hybrid,No,60,420
3268,200,3/4/2025,7,ProjectX,still,Hybrid,No,45,315
3269,932,11/11/2024,6,clienta,perhaps,Onsite,No,30,180
3270,441,1/4/2025,9,ClientA,morning,Remote,Yes,60,540
3271,468,12/3/2024,10,Internal,deal,Remote,Yes,45,450
3272,291,4/27/2025,10,clienta,great,Remote,Yes,45,450
3273,893,10/27/2024,6,CLIENT A,risk,Remote,Yes,60,360
3274,252,1/4/2024,9,CLIENT A,health,Onsite,Yes,30,270
3275,206,7/28/2024,8,Research,hard,Onsite,Yes,45,360
3276,654,11/16/2024,7,Research,nice,Remote,No,45,315
3277,368,3/27/2024,8,ClientA,past,Onsite,Yes,30,240
3278,722,9/23/2025,9,ClientA,property,Hybrid,Yes,30,270
3279,506,2/29/2024,10,Research,draw,Hybrid,Yes,75,750
3280,298,1/29/2025,7,ClientA,building,Onsite,No,30,210
3281,155,12/20/2024,8,CLIENT A,risk,Hybrid,Yes,45,360
3282,78,6/22/2024,10,clienta,partner,Hybrid,No,75,750
3283,398,6/14/2024,7,Research,onto,Onsite,Yes,60,420
3284,95,3/16/2025,8,Research,commercial,Hybrid,No,45,360
3285,279,4/18/2025,9,Research,knowledge,Remote,Yes,45,405
3286,131,4/26/2025,7,CLIENT A,side,Onsite,Yes,60,420
3287,516,4/9/2024,7,Research,chair,Remote,No,30,210
3288,229,4/17/2025,10,ProjectX,parent,Onsite,No,45,450
3289,748,6/2/2024,9,CLIENT A,medical,Remote,No,75,675
3290,226,6/21/2025,8,clienta,heavy,Hybrid,Yes,75,600
3291,733,4/21/2025,8,ProjectX,body,Onsite,Yes,60,480
3292,941,1/26/2024,10,Research,allow,Remote,No,75,750
3293,839,7/27/2025,6,Research,side,Onsite,No,30,180
3294,568,12/20/2023,10,CLIENT A,deal,Hybrid,Yes,75,750
3295,573,1/8/2024,10,CLIENT A,again,Hybrid,Yes,30,300
3296,705,2/25/2025,8,CLIENT A,present,Onsite,No,45,360
3297,694,6/11/2024,10,clienta,write,Hybrid,Yes,45,450
3298,218,2/9/2024,8,clienta,fire,Remote,No,45,360
3299,100,7/12/2025,6,ProjectX,subject,Onsite,Yes,30,180
3300,192,10/25/2025,9,CLIENT A,cell,Hybrid,Yes,75,675
3301,455,3/25/2025,10,CLIENT A,offer,Remote,Yes,45,450
3302,128,4/20/2024,6,ClientA,action,Remote,Yes,30,180
3303,909,8/30/2025,6,ClientA,various,Onsite,Yes,60,360
3304,86,5/7/2024,6,clienta,election,Remote,Yes,30,180
3305,331,2/7/2024,8,clienta,PM,Hybrid,No,75,600
3306,956,12/18/2024,6,Research,dark,Hybrid,No,60,360
3307,206,8/9/2024,7,ClientA,election,Hybrid,No,30,210
3308,99,2/6/2025,10,Internal,hear,Hybrid,Yes,30,300
3309,457,3/22/2025,6,ProjectX,garden,Onsite,No,60,360
3310,22,10/18/2024,9,Research,around,Remote,Yes,60,540
3311,309,2/11/2024,7,CLIENT A,music,Hybrid,No,30,210
3312,950,3/19/2024,9,Internal,former,Remote,No,30,270
3313,25,4/29/2025,7,CLIENT A,second,Hybrid,No,30,210
3314,920,9/24/2024,9,Internal,month,Remote,No,30,270
3315,5,5/27/2025,10,CLIENT A,opportunity,Hybrid,Yes,45,450
3316,119,11/4/2025,7,clienta,anyone,Hybrid,Yes,45,315
3317,283,12/3/2023,9,Research,director,Hybrid,No,45,405
3318,198,6/6/2025,9,Research,information,Hybrid,No,75,675
3319,418,9/30/2025,7,Internal,fly,Remote,Yes,30,210
3320,243,7/16/2024,10,CLIENT A,tend,Onsite,Yes,60,600
3321,688,6/29/2024,9,CLIENT A,draw,Remote,No,30,270
3322,704,7/28/2024,6,Research,very,Hybrid,No,45,270
3323,340,12/8/2024,9,Research,section,Remote,No,45,405
3324,886,9/2/2025,6,ClientA,people,Onsite,Yes,30,180
3325,106,9/15/2025,8,clienta,military,Onsite,Yes,75,600
3326,680,12/16/2023,8,ClientA,bag,Onsite,No,45,360
3327,498,6/12/2025,6,Internal,former,Onsite,No,45,270
3328,651,8/7/2025,6,ProjectX,inside,Hybrid,Yes,60,360
3329,829,7/14/2024,7,CLIENT A,fish,Hybrid,No,45,315
3330,749,11/5/2024,6,Internal,agree,Onsite,No,60,360
3331,399,8/2/2024,6,Internal,fall,Hybrid,No,30,180
3332,115,3/14/2024,9,ClientA,how,Hybrid,Yes,60,540
3333,888,3/13/2025,7,clienta,film,Onsite,No,60,420
3334,473,4/26/2025,10,CLIENT A,guy,Remote,Yes,75,750
3335,841,5/17/2024,7,Research,left,Hybrid,Yes,60,420
3336,534,8/13/2024,8,Research,program,Onsite,Yes,30,240
3337,75,5/30/2025,10,CLIENT A,wear,Remote,Yes,30,300
3338,353,12/13/2024,8,ClientA,goal,Hybrid,Yes,60,480
3339,75,8/23/2024,8,ProjectX,large,Onsite,Yes,30,240
3340,530,11/17/2024,8,ClientA,rate,Onsite,No,30,240
3341,224,2/12/2025,10,ClientA,show,Remote,Yes,60,600
3342,321,9/10/2024,6,ClientA,conference,Onsite,Yes,75,450
3343,669,8/18/2025,10,CLIENT A,rather,Hybrid,Yes,30,300
3344,296,7/6/2024,8,CLIENT A,evening,Onsite,Yes,45,360
3345,743,4/19/2024,9,ClientA,single,Hybrid,Yes,75,675
3346,704,12/14/2024,9,ProjectX,development,Hybrid,Yes,75,675
3347,855,12/31/2024,10,clienta,deep,Remote,Yes,30,300
3348,90,6/25/2024,8,CLIENT A,miss,Remote,No,45,360
3349,415,3/19/2024,9,Research,surface,Hybrid,Yes,30,270
3350,802,8/1/2025,6,clienta,player,Onsite,Yes,60,360
3351,383,7/7/2024,10,ClientA,service,Remote,No,45,450
3352,997,12/30/2023,8,Research,enough,Remote,Yes,75,600
3353,340,2/26/2025,9,clienta,son,Onsite,Yes,45,405
3354,485,3/25/2024,6,ProjectX,one,Hybrid,No,45,270
3355,115,11/9/2023,7,Research,animal,Hybrid,No,30,210
3356,129,11/18/2024,8,ProjectX,personal,Hybrid,No,30,240
3357,662,6/1/2025,7,clienta,ability,Remote,Yes,60,420
3358,605,3/21/2024,7,Internal,movement,Remote,Yes,75,525
3359,513,10/1/2024,10,Research,movement,Onsite,No,60,600
3360,321,1/29/2025,9,ProjectX,left,Onsite,Yes,60,540
3361,478,8/28/2024,7,clienta,record,Remote,No,75,525
3362,322,10/11/2025,6,clienta,away,Onsite,No,75,450
3363,155,12/4/2023,7,clienta,boy,Remote,No,75,525
3364,274,5/14/2024,7,CLIENT A,else,Onsite,No,45,315
3365,554,4/1/2024,8,Research,mission,Onsite,Yes,60,480
3366,986,8/18/2025,8,CLIENT A,simple,Hybrid,No,45,360
3367,578,8/9/2024,8,clienta,rise,Remote,No,45,360
3368,897,5/20/2024,8,Research,research,Remote,Yes,75,600
3369,464,8/11/2025,7,ClientA,chair,Onsite,Yes,30,210
3370,778,12/2/2023,6,Internal,growth,Hybrid,Yes,45,270
3371,670,5/13/2025,9,ClientA,coach,Remote,Yes,45,405
3372,818,10/23/2024,6,Research,million,Remote,No,30,180
3373,90,2/6/2025,7,ProjectX,fast,Hybrid,Yes,60,420
3374,389,12/15/2023,7,ProjectX,hope,Onsite,Yes,60,420
3375,207,1/3/2025,7,Research,about,Remote,No,60,420
3376,678,10/29/2025,9,CLIENT A,weight,Remote,No,45,405
3377,517,4/5/2024,7,Internal,military,Remote,Yes,75,525
3378,861,3/20/2024,9,Research,including,Onsite,No,60,540
3379,398,3/28/2024,7,Internal,guess,Onsite,No,60,420
3380,548,10/21/2025,7,clienta,head,Onsite,Yes,60,420
3381,810,7/28/2025,10,Internal,put,Remote,Yes,45,450
3382,420,3/29/2024,8,Research,country,Remote,Yes,45,360
3383,51,9/10/2025,10,clienta,single,Onsite,Yes,45,450
3384,93,6/10/2025,7,clienta,girl,Remote,No,60,420
3385,608,2/3/2025,8,clienta,movement,Remote,Yes,75,600
3386,962,11/22/2023,7,Research,close,Remote,No,30,210
3387,425,5/18/2024,9,ProjectX,just,Remote,No,75,675
3388,197,3/9/2025,8,CLIENT A,require,Hybrid,Yes,30,240
3389,730,1/3/2024,8,CLIENT A,company,Hybrid,Yes,60,480
3390,488,5/29/2025,8,clienta,wear,Onsite,Yes,45,360
3391,247,1/24/2025,8,ProjectX,kind,Remote,Yes,30,240
3392,816,8/29/2025,6,ClientA,create,Remote,Yes,75,450
3393,423,8/6/2024,6,CLIENT A,put,Onsite,No,60,360
3394,37,7/14/2025,8,Research,least,Remote,Yes,75,600
3395,832,11/29/2023,9,ProjectX,either,Hybrid,Yes,45,405
3396,422,10/20/2025,10,CLIENT A,have,Remote,No,60,600
3397,714,4/27/2025,8,clienta,work,Hybrid,No,60,480
3398,381,8/22/2024,10,clienta,understand,Remote,No,30,300
3399,589,3/12/2025,6,clienta,skill,Onsite,Yes,30,180
3400,824,9/20/2025,10,Research,point,Hybrid,Yes,75,750
3401,11,5/21/2025,8,ClientA,allow,Onsite,No,30,240
3402,421,5/29/2025,9,CLIENT A,any,Remote,No,60,540
3403,353,6/3/2025,8,clienta,where,Remote,No,30,240
3404,744,4/3/2024,7,clienta,natural,Remote,No,60,420
3405,133,6/23/2024,7,ProjectX,push,Hybrid,No,60,420
3406,481,10/18/2024,6,ProjectX,history,Hybrid,No,30,180
3407,444,6/8/2025,6,Research,summer,Onsite,No,60,360
3408,487,4/18/2024,8,ProjectX,computer,Onsite,No,30,240
3409,784,4/19/2025,10,clienta,toward,Onsite,No,60,600
3410,523,12/30/2024,6,ClientA,cultural,Remote,Yes,75,450
3411,370,7/29/2024,7,ClientA,evidence,Onsite,No,30,210
3412,970,12/19/2024,9,ClientA,notice,Remote,No,30,270
3413,445,3/6/2024,9,ProjectX,land,Remote,Yes,75,675
3414,406,12/31/2023,10,CLIENT A,somebody,Hybrid,Yes,30,300
3415,708,8/16/2024,10,ProjectX,suffer,Hybrid,No,60,600
3416,681,10/6/2025,9,ProjectX,question,Onsite,Yes,45,405
3417,770,10/20/2025,7,CLIENT A,week,Hybrid,Yes,45,315
3418,24,6/3/2025,10,clienta,might,Remote,No,60,600
3419,969,5/27/2025,7,clienta,moment,Hybrid,No,60,420
3420,352,10/30/2024,6,Research,respond,Remote,No,60,360
3421,771,3/2/2025,7,CLIENT A,can,Hybrid,Yes,75,525
3422,980,10/16/2025,6,clienta,hot,Hybrid,Yes,30,180
3423,912,5/4/2024,7,CLIENT A,hospital,Remote,No,45,315
3424,520,3/9/2024,7,Research,finally,Remote,Yes,30,210
3425,579,3/21/2025,8,CLIENT A,author,Remote,Yes,30,240
3426,392,10/21/2025,9,ClientA,some,Remote,No,45,405
3427,184,10/8/2025,9,ClientA,explain,Hybrid,Yes,60,540
3428,968,12/29/2023,6,Research,science,Hybrid,No,60,360
3429,985,12/29/2024,8,Research,product,Onsite,No,75,600
3430,289,5/21/2025,8,clienta,fund,Remote,Yes,75,600
3431,736,12/6/2023,10,Research,expert,Onsite,Yes,45,450
3432,932,1/16/2025,10,Research,quality,Hybrid,No,60,600
3433,117,6/3/2024,8,Internal,ok,Onsite,Yes,45,360
3434,433,11/23/2024,9,ClientA,than,Onsite,No,45,405
3435,923,5/9/2024,10,Research,address,Remote,Yes,75,750
3436,757,3/16/2025,10,clienta,so,Onsite,No,30,300
3437,368,10/19/2024,6,clienta,generation,Hybrid,No,45,270
3438,63,6/19/2024,8,Internal,significant,Hybrid,No,45,360
3439,129,3/15/2025,10,Internal,employee,Hybrid,No,60,600
3440,213,9/16/2024,8,ClientA,laugh,Onsite,No,60,480
3441,12,5/11/2024,7,ProjectX,until,Hybrid,No,75,525
3442,176,9/27/2025,9,ProjectX,fire,Remote,No,45,405
3443,47,7/17/2025,7,Research,lay,Hybrid,No,60,420
3444,181,4/12/2025,7,CLIENT A,similar,Remote,Yes,30,210
3445,481,9/11/2025,9,Research,investment,Onsite,Yes,45,405
3446,710,11/9/2024,7,clienta,camera,Hybrid,Yes,75,525
3447,139,4/23/2024,10,CLIENT A,outside,Onsite,No,30,300
3448,397,5/8/2024,6,clienta,billion,Onsite,No,60,360
3449,918,11/16/2024,7,clienta,herself,Remote,Yes,30,210
3450,644,11/13/2023,9,CLIENT A,it,Remote,Yes,60,540
3451,146,11/27/2024,6,Research,system,Hybrid,No,45,270
3452,903,1/9/2025,6,Research,similar,Onsite,No,75,450
3453,513,12/19/2024,10,clienta,to,Remote,No,60,600
3454,697,6/19/2025,6,Research,eye,Remote,No,45,270
3455,43,12/29/2024,8,CLIENT A,both,Onsite,Yes,75,600
3456,336,2/22/2024,9,ClientA,natural,Hybrid,Yes,45,405
3457,752,8/5/2025,7,CLIENT A,prove,Hybrid,No,60,420
3458,894,5/15/2025,6,clienta,growth,Onsite,No,60,360
3459,624,7/1/2024,6,Research,realize,Remote,No,45,270
3460,507,4/3/2025,10,ProjectX,information,Hybrid,No,45,450
3461,256,4/5/2024,7,ClientA,another,Remote,No,45,315
3462,552,3/19/2024,9,Internal,positive,Remote,Yes,45,405
3463,695,3/22/2024,8,ProjectX,wide,Remote,Yes,45,360
3464,909,3/25/2025,9,CLIENT A,cover,Remote,Yes,60,540
3465,433,1/16/2024,6,ProjectX,time,Remote,No,75,450
3466,753,11/18/2023,10,ClientA,not,Hybrid,No,60,600
3467,680,2/11/2025,7,Research,phone,Remote,Yes,60,420
3468,59,5/13/2024,8,ProjectX,effect,Remote,No,45,360
3469,801,9/24/2024,10,Research,choice,Hybrid,No,60,600
3470,143,4/25/2025,10,Research,simply,Onsite,Yes,60,600
3471,231,12/1/2023,10,ClientA,represent,Hybrid,No,75,750
3472,460,4/21/2025,8,clienta,oil,Hybrid,No,45,360
3473,496,9/1/2024,7,Research,can,Remote,Yes,30,210
3474,170,6/29/2025,9,Internal,process,Remote,Yes,30,270
3475,226,1/20/2024,8,Internal,school,Hybrid,No,60,480
3476,540,1/16/2025,9,ProjectX,style,Hybrid,Yes,75,675
3477,650,11/8/2024,10,ProjectX,go,Onsite,Yes,30,300
3478,776,2/3/2025,9,Research,represent,Remote,Yes,60,540
3479,280,9/11/2024,9,Internal,throughout,Remote,Yes,30,270
3480,39,12/20/2023,10,clienta,power,Remote,No,30,300
3481,867,6/13/2025,6,ProjectX,population,Hybrid,Yes,45,270
3482,721,4/14/2024,6,Research,score,Onsite,No,75,450
3483,950,1/15/2025,6,ClientA,three,Onsite,Yes,45,270
3484,59,3/7/2024,6,Research,service,Remote,No,75,450
3485,305,8/8/2025,6,CLIENT A,various,Remote,No,60,360
3486,914,3/3/2024,10,Research,half,Onsite,Yes,30,300
3487,121,1/27/2024,6,ProjectX,economic,Hybrid,Yes,60,360
3488,163,7/30/2024,6,ProjectX,deep,Onsite,No,75,450
3489,815,9/21/2025,7,ProjectX,find,Hybrid,No,75,525
3490,862,11/25/2024,9,clienta,Democrat,Remote,Yes,60,540
3491,290,6/26/2025,6,CLIENT A,to,Onsite,No,75,450
3492,848,9/8/2025,8,ProjectX,enter,Onsite,No,75,600
3493,201,2/20/2025,9,Internal,author,Hybrid,Yes,30,270
3494,146,8/18/2024,8,ProjectX,price,Onsite,Yes,45,360
3495,880,6/5/2024,6,CLIENT A,amount,Onsite,No,30,180
3496,765,11/21/2024,6,ProjectX,challenge,Remote,No,30,180
3497,990,12/1/2024,7,CLIENT A,practice,Hybrid,Yes,75,525
3498,275,1/26/2025,8,ClientA,wrong,Onsite,Yes,30,240
3499,399,1/16/2025,9,CLIENT A,paper,Hybrid,Yes,45,405
3500,739,1/12/2024,7,CLIENT A,section,Remote,Yes,30,210
3501,709,6/11/2024,6,CLIENT A,eight,Remote,Yes,30,180
3502,178,9/13/2025,8,CLIENT A,vote,Remote,Yes,45,360
3503,841,9/24/2024,9,Internal,factor,Hybrid,No,30,270
3504,657,6/7/2024,6,CLIENT A,policy,Onsite,No,75,450
3505,531,5/30/2025,8,ClientA,also,Hybrid,No,30,240
3506,521,7/8/2025,8,ClientA,thousand,Remote,No,45,360
3507,844,7/16/2024,8,ClientA,institution,Onsite,No,75,600
3508,753,9/9/2025,7,ProjectX,economy,Onsite,No,75,525
3509,527,4/28/2025,7,Internal,she,Remote,No,30,210
3510,670,3/27/2024,7,clienta,cost,Remote,No,45,315
3511,437,6/2/2024,8,ProjectX,floor,Hybrid,No,75,600
3512,78,3/28/2025,7,ProjectX,tonight,Hybrid,No,75,525
3513,406,10/8/2024,6,Internal,official,Onsite,No,75,450
3514,464,8/31/2025,9,Research,institution,Remote,Yes,30,270
3515,658,2/7/2025,9,Research,across,Hybrid,No,45,405
3516,937,8/22/2024,8,CLIENT A,accept,Onsite,Yes,30,240
3517,989,11/14/2024,8,ClientA,election,Onsite,Yes,45,360
3518,387,10/16/2025,7,ProjectX,property,Onsite,No,30,210
3519,904,1/21/2025,8,clienta,rather,Hybrid,Yes,60,480
3520,574,12/7/2023,9,Research,anyone,Remote,Yes,45,405
3521,149,10/24/2024,10,Research,cut,Onsite,Yes,60,600
3522,658,12/13/2024,6,clienta,recently,Hybrid,No,45,270
3523,831,2/19/2024,6,ClientA,worry,Remote,No,60,360
3524,511,2/3/2024,9,ProjectX,teacher,Remote,Yes,75,675
3525,256,4/7/2025,10,Research,agent,Remote,Yes,75,750
3526,402,10/3/2024,7,ProjectX,answer,Onsite,No,60,420
3527,117,6/19/2024,7,ProjectX,oil,Hybrid,No,75,525
3528,857,3/21/2024,10,clienta,benefit,Onsite,Yes,60,600
3529,91,6/3/2024,8,CLIENT A,simply,Hybrid,Yes,75,600
3530,857,2/2/2024,6,Research,eight,Onsite,No,75,450
3531,726,8/2/2024,9,CLIENT A,usually,Onsite,Yes,30,270
3532,603,6/25/2024,10,CLIENT A,total,Hybrid,Yes,45,450
3533,653,6/6/2025,7,Research,price,Onsite,No,60,420
3534,649,11/30/2023,9,ClientA,window,Hybrid,Yes,60,540
3535,240,3/18/2024,10,clienta,read,Hybrid,No,45,450
3536,708,12/22/2023,6,Research,lot,Remote,No,45,270
3537,615,3/18/2024,10,Internal,bed,Hybrid,Yes,30,300
3538,825,10/19/2024,8,Internal,walk,Remote,No,30,240
3539,4,8/21/2025,8,Research,term,Remote,Yes,60,480
3540,393,4/14/2025,6,Internal,throw,Onsite,Yes,45,270
3541,191,9/20/2024,7,Internal,eye,Onsite,Yes,45,315
3542,851,2/26/2024,7,Internal,thing,Hybrid,Yes,75,525
3543,797,11/11/2023,8,clienta,hand,Onsite,No,30,240
3544,444,11/22/2023,8,clienta,product,Hybrid,No,75,600
3545,415,8/4/2024,7,CLIENT A,save,Onsite,No,60,420
3546,28,3/1/2024,10,ProjectX,able,Onsite,Yes,45,450
3547,684,12/18/2024,8,Internal,window,Remote,Yes,75,600
3548,537,11/10/2023,6,ClientA,explain,Hybrid,No,30,180
3549,461,2/15/2024,7,ClientA,subject,Remote,Yes,45,315
3550,652,4/9/2025,8,Research,challenge,Onsite,No,75,600
3551,39,2/12/2024,9,ClientA,network,Remote,No,45,405
3552,173,11/10/2023,6,Internal,head,Onsite,No,30,180
3553,166,7/21/2025,9,Internal,training,Remote,No,30,270
3554,465,10/5/2025,10,clienta,over,Remote,No,45,450
3555,609,7/6/2025,6,ProjectX,wonder,Onsite,No,45,270
3556,911,2/3/2025,6,ProjectX,her,Hybrid,Yes,75,450
3557,207,4/15/2024,10,ClientA,adult,Remote,No,75,750
3558,577,4/9/2025,7,ProjectX,expect,Hybrid,Yes,30,210
3559,343,2/16/2024,9,Research,discover,Remote,Yes,30,270
3560,964,3/12/2024,9,Internal,best,Onsite,Yes,60,540
3561,692,3/7/2024,10,clienta,fill,Onsite,Yes,60,600
3562,586,4/29/2025,9,ProjectX,media,Remote,No,30,270
3563,585,11/24/2023,9,ClientA,not,Hybrid,Yes,60,540
3564,280,7/15/2024,10,Internal,environmental,Remote,Yes,45,450
3565,42,9/17/2025,7,clienta,partner,Hybrid,Yes,60,420
3566,694,9/7/2025,9,Internal,couple,Hybrid,No,75,675
3567,332,10/9/2025,10,Internal,blue,Onsite,No,60,600
3568,212,1/21/2024,7,Research,southern,Onsite,Yes,30,210
3569,738,1/23/2025,8,clienta,leg,Onsite,Yes,75,600
3570,847,5/1/2024,6,ClientA,performance,Hybrid,No,60,360
3571,166,1/22/2025,8,Research,camera,Hybrid,Yes,30,240
3572,153,10/3/2024,8,CLIENT A,together,Remote,Yes,30,240
3573,284,8/27/2024,9,Internal,something,Remote,Yes,45,405
3574,9,4/6/2025,10,Internal,pattern,Remote,Yes,75,750
3575,61,3/25/2024,7,Research,any,Hybrid,Yes,60,420
3576,10,3/18/2025,8,ClientA,management,Remote,No,45,360
3577,905,8/14/2025,9,CLIENT A,including,Remote,No,45,405
3578,966,3/9/2025,10,CLIENT A,way,Remote,Yes,45,450
3579,414,2/7/2025,8,ProjectX,increase,Remote,Yes,45,360
3580,666,10/1/2024,6,ProjectX,station,Hybrid,Yes,30,180
3581,466,10/12/2025,7,ProjectX,design,Remote,Yes,75,525
3582,865,6/7/2024,9,clienta,American,Hybrid,No,75,675
3583,909,4/4/2025,7,Internal,simply,Onsite,No,45,315
3584,115,4/30/2024,8,ProjectX,choice,Remote,Yes,75,600
3585,285,12/26/2023,10,ProjectX,to,Onsite,No,60,600
3586,854,4/18/2024,7,clienta,bad,Remote,No,60,420
3587,394,2/4/2025,6,ClientA,adult,Hybrid,No,30,180
3588,344,10/3/2025,7,clienta,town,Remote,Yes,60,420
3589,511,10/31/2025,8,ProjectX,media,Remote,No,75,600
3590,68,10/13/2024,8,Research,prove,Onsite,Yes,30,240
3591,691,8/12/2025,8,ProjectX,board,Remote,Yes,60,480
3592,185,11/1/2025,6,Research,million,Hybrid,Yes,30,180
3593,783,6/5/2025,7,ClientA,kid,Remote,No,75,525
3594,553,5/7/2025,7,ClientA,manage,Onsite,No,30,210
3595,439,8/12/2024,9,ProjectX,than,Hybrid,No,60,540
3596,366,8/25/2024,6,clienta,theory,Remote,Yes,75,450
3597,549,5/16/2024,7,Research,describe,Remote,Yes,45,315
3598,707,1/4/2024,10,Research,coach,Remote,Yes,60,600
3599,707,4/5/2024,10,ProjectX,resource,Remote,Yes,60,600
3600,702,5/30/2024,9,ProjectX,watch,Remote,Yes,30,270
3601,282,7/8/2025,7,Internal,surface,Onsite,No,45,315
3602,579,11/26/2023,10,clienta,himself,Hybrid,No,75,750
3603,589,2/23/2024,6,Research,table,Hybrid,No,60,360
3604,335,5/14/2025,9,ProjectX,rest,Hybrid,Yes,30,270
3605,234,7/24/2024,9,ClientA,part,Onsite,No,75,675
3606,290,10/14/2024,6,Internal,successful,Hybrid,No,30,180
3607,74,4/14/2025,10,Research,structure,Remote,No,30,300
3608,972,5/7/2024,6,Internal,certainly,Onsite,No,30,180
3609,277,2/21/2025,10,Research,late,Hybrid,Yes,75,750
3610,169,12/5/2024,6,Internal,price,Onsite,Yes,30,180
3611,951,1/21/2024,9,CLIENT A,resource,Onsite,Yes,45,405
3612,3,9/17/2025,8,Internal,total,Remote,No,30,240
3613,729,3/11/2024,6,CLIENT A,have,Hybrid,No,45,270
3614,362,6/26/2024,6,Internal,important,Hybrid,No,60,360
3615,761,6/19/2025,8,clienta,anything,Hybrid,No,75,600
3616,53,8/28/2025,7,clienta,research,Remote,No,75,525
3617,106,11/9/2024,10,Internal,begin,Hybrid,No,30,300
3618,734,5/20/2024,8,CLIENT A,production,Onsite,No,30,240
3619,537,5/25/2025,9,ClientA,traditional,Remote,Yes,60,540
3620,763,5/28/2024,9,ProjectX,beat,Remote,No,30,270
3621,459,10/15/2025,6,ClientA,free,Remote,No,30,180
3622,526,7/8/2025,9,ClientA,threat,Onsite,Yes,30,270
3623,118,1/15/2025,7,ProjectX,race,Onsite,Yes,30,210
3624,409,8/7/2024,6,CLIENT A,center,Onsite,Yes,75,450
3625,347,8/30/2024,8,Internal,mother,Remote,No,60,480
3626,423,1/19/2025,10,ClientA,interesting,Hybrid,No,60,600
3627,290,10/23/2024,8,Internal,city,Onsite,No,45,360
3628,982,6/22/2025,10,clienta,heart,Hybrid,Yes,75,750
3629,969,8/31/2024,10,Internal,interest,Onsite,No,75,750
3630,843,9/20/2024,6,clienta,decade,Onsite,Yes,30,180
3631,27,9/16/2024,10,clienta,maybe,Onsite,No,75,750
3632,75,9/7/2025,10,CLIENT A,call,Remote,Yes,45,450
3633,202,6/3/2024,7,CLIENT A,lot,Remote,No,60,420
3634,113,10/13/2024,7,clienta,call,Hybrid,Yes,75,525
3635,94,1/8/2025,9,Internal,feeling,Onsite,Yes,75,675
3636,26,5/14/2024,10,ClientA,travel,Hybrid,No,30,300
3637,287,10/7/2024,9,ProjectX,lay,Onsite,No,45,405
3638,479,8/22/2025,10,CLIENT A,off,Remote,No,30,300
3639,611,7/30/2025,9,CLIENT A,road,Onsite,Yes,45,405
3640,39,2/23/2024,6,Internal,teach,Remote,Yes,45,270
3641,135,5/27/2024,10,ClientA,ok,Onsite,No,45,450
3642,708,5/14/2025,9,clienta,know,Hybrid,Yes,30,270
3643,833,6/24/2024,9,ClientA,language,Remote,Yes,60,540
3644,306,3/18/2025,7,CLIENT A,interview,Onsite,Yes,75,525
3645,585,1/19/2025,8,CLIENT A,sport,Hybrid,No,45,360
3646,520,1/5/2025,8,ClientA,back,Hybrid,No,30,240
3647,40,7/2/2025,7,CLIENT A,southern,Onsite,Yes,60,420
3648,550,11/6/2025,7,Internal,middle,Remote,No,30,210
3649,211,11/2/2025,10,ClientA,value,Hybrid,Yes,60,600
3650,487,8/14/2024,8,clienta,hold,Remote,Yes,30,240
3651,832,9/21/2025,10,Research,fire,Hybrid,No,45,450
3652,405,5/18/2025,6,ClientA,just,Onsite,Yes,30,180
3653,272,10/15/2025,10,ClientA,law,Hybrid,No,75,750
3654,830,5/25/2025,9,ProjectX,low,Onsite,No,75,675
3655,131,5/3/2024,8,Research,general,Remote,Yes,30,240
3656,248,3/20/2024,7,ProjectX,laugh,Hybrid,Yes,75,525
3657,877,12/20/2023,8,Research,per,Remote,Yes,30,240
3658,321,2/5/2024,6,Research,culture,Hybrid,Yes,60,360
3659,136,6/4/2024,6,ClientA,another,Hybrid,No,30,180
3660,805,2/19/2024,6,Internal,blood,Hybrid,Yes,60,360
3661,663,9/29/2025,8,Internal,degree,Remote,No,30,240
3662,26,4/15/2025,10,ProjectX,tell,Hybrid,Yes,60,600
3663,117,1/22/2024,6,clienta,program,Hybrid,Yes,60,360
3664,904,3/9/2025,8,CLIENT A,we,Hybrid,Yes,60,480
3665,616,3/2/2025,8,Research,reduce,Onsite,No,45,360
3666,987,2/28/2024,6,Internal,early,Remote,No,45,270
3667,341,9/21/2025,10,ClientA,wonder,Remote,Yes,30,300
3668,145,11/9/2024,9,ClientA,ago,Onsite,Yes,45,405
3669,725,2/1/2024,9,clienta,agree,Remote,No,60,540
3670,925,2/12/2025,9,ClientA,summer,Onsite,Yes,30,270
3671,520,11/14/2023,8,Research,strong,Hybrid,No,60,480
3672,254,9/21/2024,7,Research,throw,Remote,Yes,30,210
3673,776,10/13/2024,7,ClientA,well,Remote,No,30,210
3674,392,3/2/2025,8,clienta,respond,Remote,Yes,60,480
3675,992,6/27/2025,7,ProjectX,along,Onsite,Yes,75,525
3676,967,6/5/2024,10,clienta,star,Hybrid,No,30,300
3677,868,11/17/2024,6,Internal,audience,Hybrid,No,30,180
3678,79,1/7/2024,6,CLIENT A,military,Remote,No,30,180
3679,240,2/1/2024,9,ProjectX,there,Remote,Yes,45,405
3680,145,2/28/2024,7,Internal,national,Hybrid,No,30,210
3681,507,9/26/2024,8,ClientA,example,Hybrid,Yes,45,360
3682,753,9/16/2025,6,Internal,must,Onsite,No,30,180
3683,818,2/11/2025,7,ClientA,section,Onsite,Yes,75,525
3684,263,3/4/2025,10,Internal,research,Onsite,Yes,30,300
3685,452,7/25/2025,7,CLIENT A,pay,Hybrid,No,45,315
3686,544,4/10/2024,7,Research,type,Remote,Yes,30,210
3687,509,1/11/2025,10,Research,responsibility,Hybrid,No,60,600
3688,554,8/19/2025,8,ProjectX,real,Hybrid,Yes,45,360
3689,674,3/18/2024,8,ProjectX,drive,Onsite,Yes,30,240
3690,9,4/23/2025,8,CLIENT A,kid,Onsite,Yes,45,360
3691,802,4/9/2025,6,ProjectX,simple,Remote,No,60,360
3692,910,6/11/2025,9,ProjectX,her,Onsite,Yes,30,270
3693,272,11/21/2023,7,ProjectX,energy,Hybrid,Yes,30,210
3694,748,11/26/2024,6,ClientA,hotel,Onsite,No,45,270
3695,775,6/15/2024,8,CLIENT A,series,Onsite,No,45,360
3696,169,9/25/2025,9,clienta,address,Onsite,Yes,45,405
3697,897,8/2/2025,6,ClientA,soldier,Remote,Yes,60,360
3698,226,1/13/2024,6,ProjectX,talk,Remote,Yes,30,180
3699,523,8/25/2024,9,ClientA,she,Onsite,Yes,45,405
3700,960,8/13/2024,8,ClientA,at,Remote,Yes,60,480
3701,441,12/5/2024,6,ClientA,bag,Hybrid,Yes,45,270
3702,973,6/3/2025,6,ProjectX,around,Onsite,No,45,270
3703,132,10/14/2024,9,Research,relate,Onsite,No,60,540
3704,86,8/3/2024,7,ProjectX,hotel,Hybrid,No,75,525
3705,737,2/14/2024,7,ProjectX,get,Hybrid,Yes,30,210
3706,44,1/2/2024,8,ProjectX,chance,Onsite,No,30,240
3707,293,3/22/2025,6,Internal,order,Remote,No,60,360
3708,162,12/14/2023,6,ProjectX,know,Hybrid,Yes,75,450
3709,258,5/4/2025,8,ProjectX,knowledge,Remote,Yes,30,240
3710,181,11/3/2025,8,ProjectX,old,Onsite,Yes,30,240
3711,63,11/24/2024,7,Research,exactly,Hybrid,Yes,30,210
3712,201,7/11/2024,9,CLIENT A,exist,Onsite,No,75,675
3713,286,12/10/2024,10,clienta,central,Hybrid,No,75,750
3714,965,3/31/2025,6,clienta,ever,Hybrid,Yes,60,360
3715,479,6/22/2024,10,CLIENT A,save,Remote,Yes,30,300
3716,329,9/1/2025,10,Research,rise,Onsite,Yes,60,600
3717,469,11/14/2024,10,clienta,where,Onsite,Yes,45,450
3718,829,2/3/2024,6,ProjectX,model,Hybrid,Yes,60,360
3719,706,1/1/2025,8,Internal,less,Hybrid,Yes,75,600
3720,849,5/27/2024,7,CLIENT A,cost,Hybrid,No,30,210
3721,743,7/18/2024,7,Internal,fine,Remote,Yes,60,420
3722,331,6/20/2024,6,Research,talk,Remote,Yes,30,180
3723,94,9/29/2025,9,ProjectX,network,Hybrid,Yes,45,405
3724,521,11/12/2024,10,Research,add,Hybrid,No,75,750
3725,54,7/20/2025,7,Internal,prepare,Onsite,No,45,315
3726,152,12/11/2023,9,clienta,exactly,Remote,No,75,675
3727,709,9/8/2025,7,ProjectX,only,Remote,No,45,315
3728,954,7/12/2025,7,ProjectX,response,Onsite,No,60,420
3729,148,12/24/2024,10,Research,western,Remote,Yes,75,750
3730,689,8/15/2025,8,ClientA,different,Hybrid,No,60,480
3731,23,10/20/2024,9,Research,challenge,Hybrid,No,30,270
3732,390,11/24/2024,10,ProjectX,animal,Hybrid,No,60,600
3733,123,11/1/2024,9,ProjectX,since,Onsite,No,45,405
3734,967,1/23/2024,7,clienta,avoid,Onsite,Yes,75,525
3735,402,9/24/2024,6,Research,stuff,Remote,Yes,75,450
3736,394,6/27/2024,6,ProjectX,view,Remote,No,60,360
3737,190,1/12/2024,10,Research,become,Onsite,Yes,60,600
3738,959,3/7/2025,8,Research,stay,Remote,Yes,60,480
3739,929,4/21/2024,7,ClientA,management,Hybrid,No,75,525
3740,239,5/17/2024,7,ProjectX,include,Hybrid,No,45,315
3741,962,11/18/2023,9,clienta,there,Remote,No,60,540
3742,466,2/23/2025,6,ClientA,drop,Remote,Yes,60,360
3743,527,12/2/2023,9,ClientA,space,Onsite,Yes,60,540
3744,261,7/1/2025,10,Internal,eye,Hybrid,Yes,30,300
3745,570,1/18/2024,6,ProjectX,three,Remote,Yes,75,450
3746,290,6/18/2025,8,ProjectX,base,Onsite,No,30,240
3747,312,9/24/2024,7,Research,opportunity,Remote,Yes,60,420
3748,88,12/21/2023,7,ProjectX,election,Onsite,No,75,525
3749,224,12/30/2024,6,ClientA,also,Remote,Yes,75,450
3750,568,9/27/2024,8,CLIENT A,affect,Remote,No,45,360
3751,239,10/14/2025,6,Internal,risk,Hybrid,Yes,45,270
3752,851,2/10/2024,6,Research,building,Hybrid,No,45,270
3753,937,10/1/2025,6,Research,about,Remote,Yes,45,270
3754,236,2/16/2025,10,clienta,development,Onsite,No,60,600
3755,481,11/21/2024,10,ClientA,shoulder,Remote,Yes,75,750
3756,578,6/21/2024,9,CLIENT A,usually,Hybrid,Yes,30,270
3757,67,3/15/2025,10,Internal,western,Onsite,Yes,45,450
3758,769,8/27/2024,9,CLIENT A,decade,Onsite,Yes,30,270
3759,138,10/17/2024,10,ClientA,should,Hybrid,No,75,750
3760,731,7/23/2024,9,clienta,on,Hybrid,Yes,45,405
3761,614,2/7/2024,8,ProjectX,available,Hybrid,Yes,75,600
3762,970,3/28/2024,6,Internal,general,Onsite,No,60,360
3763,571,5/1/2025,7,ProjectX,buy,Onsite,No,45,315
3764,66,9/23/2024,10,clienta,heavy,Hybrid,No,75,750
3765,243,3/23/2024,7,clienta,likely,Remote,Yes,60,420
3766,792,11/20/2023,8,clienta,game,Onsite,No,60,480
3767,479,10/7/2025,8,Research,write,Hybrid,No,45,360
3768,836,11/12/2024,7,clienta,success,Hybrid,No,45,315
3769,932,1/19/2024,10,ClientA,seem,Remote,No,75,750
3770,924,12/3/2023,7,Internal,executive,Hybrid,No,60,420
3771,312,2/6/2024,9,clienta,along,Onsite,No,30,270
3772,404,1/14/2024,9,Internal,difference,Hybrid,No,60,540
3773,200,10/4/2024,7,CLIENT A,what,Onsite,Yes,45,315
3774,656,5/28/2025,7,Research,each,Onsite,Yes,30,210
3775,883,8/14/2025,6,ClientA,fine,Onsite,Yes,75,450
3776,52,9/26/2025,10,ClientA,however,Hybrid,No,45,450
3777,688,6/29/2025,9,ClientA,know,Onsite,No,60,540
3778,847,9/8/2025,6,clienta,center,Remote,No,30,180
3779,577,8/2/2025,8,clienta,next,Remote,No,60,480
3780,752,5/26/2025,8,ProjectX,let,Remote,No,60,480
3781,410,9/17/2024,8,Internal,southern,Onsite,No,60,480
3782,206,1/2/2025,8,Research,traditional,Hybrid,Yes,60,480
3783,729,11/3/2025,8,ClientA,nothing,Onsite,No,45,360
3784,504,10/14/2024,9,Research,capital,Hybrid,No,60,540
3785,169,2/27/2024,8,Research,adult,Hybrid,Yes,75,600
3786,189,12/21/2024,9,Research,staff,Onsite,No,60,540
3787,306,4/14/2025,8,clienta,term,Hybrid,Yes,60,480
3788,793,4/7/2025,9,Research,country,Onsite,Yes,75,675
3789,295,6/9/2024,6,ClientA,concern,Remote,Yes,75,450
3790,297,11/14/2024,6,CLIENT A,threat,Hybrid,Yes,60,360
3791,586,1/29/2024,9,ProjectX,where,Hybrid,No,45,405
3792,439,7/11/2024,6,ProjectX,environment,Hybrid,Yes,45,270
3793,243,5/4/2024,6,ProjectX,other,Remote,Yes,60,360
3794,87,10/10/2025,6,Internal,arrive,Remote,Yes,30,180
3795,731,10/15/2024,10,CLIENT A,data,Hybrid,Yes,75,750
3796,855,8/11/2024,8,Internal,over,Hybrid,No,30,240
3797,430,10/30/2024,10,Research,major,Remote,Yes,30,300
3798,596,7/2/2025,6,clienta,single,Remote,Yes,30,180
3799,930,3/31/2025,9,CLIENT A,ago,Hybrid,No,30,270
3800,59,9/7/2024,10,ProjectX,plant,Hybrid,No,45,450
3801,777,2/2/2025,7,clienta,start,Remote,Yes,30,210
3802,322,2/6/2025,7,Internal,least,Onsite,No,60,420
3803,811,8/12/2024,8,Internal,moment,Remote,Yes,60,480
3804,212,4/14/2025,8,ProjectX,buy,Remote,Yes,60,480
3805,65,3/28/2025,7,Internal,Mrs,Onsite,Yes,30,210
3806,474,3/13/2025,9,CLIENT A,trouble,Remote,Yes,30,270
3807,148,11/4/2025,7,ClientA,perform,Onsite,Yes,75,525
3808,603,8/10/2025,6,Internal,fear,Onsite,No,30,180
3809,18,10/31/2024,8,Internal,expect,Onsite,Yes,30,240
3810,106,4/16/2024,8,Internal,age,Hybrid,Yes,30,240
3811,471,2/2/2024,9,ProjectX,teacher,Hybrid,No,75,675
3812,693,1/3/2024,6,Internal,conference,Onsite,No,60,360
3813,710,6/20/2024,8,ClientA,surface,Hybrid,Yes,45,360
3814,846,6/20/2024,10,ProjectX,movie,Hybrid,No,75,750
3815,80,10/1/2024,10,ProjectX,let,Remote,No,60,600
3816,512,11/14/2024,8,Research,style,Remote,Yes,45,360
3817,109,4/20/2025,10,Internal,consider,Hybrid,No,75,750
3818,295,4/28/2025,10,ProjectX,treatment,Remote,Yes,30,300
3819,490,11/17/2023,8,ClientA,media,Remote,Yes,75,600
3820,212,8/13/2025,7,Internal,forward,Hybrid,No,30,210
3821,838,6/22/2025,9,Internal,us,Onsite,Yes,45,405
3822,552,11/9/2023,9,Research,win,Onsite,Yes,45,405
3823,659,3/6/2024,10,clienta,including,Onsite,No,75,750
3824,336,2/5/2025,8,ClientA,attorney,Onsite,No,45,360
3825,701,2/3/2025,9,Internal,avoid,Hybrid,No,75,675
3826,651,8/12/2025,7,clienta,cover,Onsite,Yes,60,420
3827,945,2/18/2025,6,ClientA,capital,Remote,Yes,30,180
3828,888,7/10/2024,6,Research,as,Hybrid,No,60,360
3829,702,4/11/2025,7,clienta,action,Remote,No,60,420
3830,700,9/1/2025,7,CLIENT A,stage,Hybrid,Yes,60,420
3831,649,6/20/2024,6,CLIENT A,show,Remote,No,60,360
3832,776,6/19/2024,10,ClientA,forget,Onsite,Yes,45,450
3833,972,12/10/2023,9,ClientA,method,Remote,Yes,30,270
3834,172,5/28/2024,9,clienta,outside,Remote,Yes,45,405
3835,765,6/10/2024,7,Internal,American,Remote,Yes,60,420
3836,791,4/16/2024,6,CLIENT A,draw,Hybrid,No,30,180
3837,610,2/21/2025,10,clienta,clearly,Remote,No,75,750
3838,746,10/28/2025,10,ClientA,animal,Hybrid,No,45,450
3839,969,7/3/2025,8,ClientA,by,Remote,Yes,60,480
3840,733,1/6/2024,7,Internal,view,Hybrid,No,60,420
3841,877,2/8/2025,10,CLIENT A,improve,Hybrid,No,45,450
3842,510,6/26/2024,8,Research,others,Hybrid,No,75,600
3843,939,12/24/2023,10,Research,move,Hybrid,No,75,750
3844,921,10/9/2024,7,Research,benefit,Hybrid,No,30,210
3845,292,2/9/2025,7,CLIENT A,goal,Hybrid,Yes,60,420
3846,920,11/4/2024,7,ClientA,member,Hybrid,No,45,315
3847,765,10/9/2024,7,ProjectX,build,Remote,No,60,420
3848,461,4/17/2025,10,Internal,reflect,Remote,No,45,450
3849,118,1/1/2025,8,clienta,onto,Remote,No,45,360
3850,409,1/6/2025,7,Research,such,Remote,Yes,30,210
3851,485,11/28/2024,6,clienta,four,Onsite,No,75,450
3852,54,5/29/2025,8,CLIENT A,when,Hybrid,No,45,360
3853,302,11/13/2024,9,CLIENT A,reach,Remote,Yes,30,270
3854,303,12/8/2024,9,clienta,beat,Hybrid,Yes,60,540
3855,656,11/5/2024,9,ClientA,I,Remote,Yes,30,270
3856,298,12/4/2024,9,Research,stock,Remote,Yes,75,675
3857,919,11/22/2023,9,CLIENT A,message,Remote,No,45,405
3858,304,4/27/2025,7,ClientA,window,Remote,No,75,525
3859,877,3/28/2025,8,ProjectX,difficult,Remote,No,60,480
3860,705,12/8/2024,8,Internal,wall,Onsite,No,60,480
3861,990,8/13/2025,7,Research,so,Hybrid,No,75,525
3862,564,8/2/2025,10,clienta,carry,Hybrid,Yes,45,450
3863,571,7/23/2024,9,CLIENT A,line,Onsite,Yes,75,675
3864,121,6/21/2024,7,Research,these,Remote,Yes,75,525
3865,212,7/16/2025,9,ClientA,sea,Remote,No,30,270
3866,756,11/12/2024,10,clienta,common,Hybrid,Yes,75,750
3867,749,1/31/2024,8,Research,success,Remote,Yes,45,360
3868,844,10/19/2025,9,clienta,attorney,Onsite,No,45,405
3869,551,5/16/2024,8,Internal,meeting,Onsite,Yes,45,360
3870,197,8/3/2025,9,ProjectX,send,Remote,Yes,60,540
3871,655,10/2/2025,10,ClientA,man,Hybrid,Yes,45,450
3872,195,11/26/2024,7,Internal,there,Remote,Yes,45,315
3873,946,10/23/2024,10,Research,traditional,Remote,Yes,45,450
3874,265,12/12/2023,9,CLIENT A,check,Hybrid,No,30,270
3875,130,10/6/2024,9,Internal,such,Onsite,Yes,60,540
3876,824,3/7/2024,9,ProjectX,everything,Onsite,No,60,540
3877,257,8/22/2025,8,clienta,weight,Remote,No,30,240
3878,85,1/27/2024,6,clienta,positive,Remote,Yes,60,360
3879,737,3/21/2025,6,ProjectX,economy,Onsite,Yes,75,450
3880,755,5/25/2024,8,clienta,act,Hybrid,Yes,60,480
3881,1000,4/23/2024,9,CLIENT A,go,Onsite,Yes,45,405
3882,692,11/20/2024,8,CLIENT A,response,Hybrid,Yes,60,480
3883,541,9/25/2025,7,Research,factor,Onsite,No,45,315
3884,125,4/22/2025,8,clienta,building,Onsite,No,60,480
3885,857,12/18/2023,9,clienta,technology,Onsite,Yes,75,675
3886,549,12/9/2024,10,CLIENT A,practice,Hybrid,No,75,750
3887,958,7/31/2024,6,Internal,sometimes,Onsite,No,30,180
3888,388,7/29/2024,7,CLIENT A,week,Remote,Yes,60,420
3889,849,7/2/2024,9,clienta,defense,Remote,No,45,405
3890,984,7/17/2025,9,ProjectX,control,Onsite,No,60,540
3891,490,3/28/2025,9,Research,economy,Onsite,Yes,75,675
3892,265,10/22/2025,10,ProjectX,why,Hybrid,No,75,750
3893,177,6/14/2024,6,clienta,nice,Hybrid,No,30,180
3894,677,2/25/2025,7,Internal,thus,Onsite,Yes,60,420
3895,491,7/20/2025,7,Internal,civil,Onsite,No,75,525
3896,887,9/1/2024,10,Research,community,Onsite,No,45,450
3897,605,4/25/2024,6,Research,seem,Remote,No,45,270
3898,549,7/24/2025,6,Research,never,Remote,No,75,450
3899,581,10/23/2024,10,CLIENT A,test,Hybrid,No,30,300
3900,340,2/12/2024,8,Research,yet,Hybrid,Yes,75,600
3901,495,5/21/2024,9,Internal,morning,Onsite,No,60,540
3902,63,6/26/2024,9,CLIENT A,modern,Hybrid,Yes,30,270
3903,37,8/3/2024,7,ProjectX,something,Hybrid,Yes,30,210
3904,651,4/9/2025,7,Research,guy,Onsite,No,30,210
3905,793,3/10/2025,10,Research,foreign,Remote,Yes,60,600
3906,902,11/26/2023,9,Research,team,Hybrid,Yes,75,675
3907,906,8/3/2024,9,clienta,probably,Onsite,No,60,540
3908,842,8/18/2025,9,ClientA,skill,Onsite,Yes,60,540
3909,435,8/30/2025,8,CLIENT A,no,Remote,No,75,600
3910,177,8/25/2024,9,ProjectX,on,Hybrid,Yes,30,270
3911,254,3/11/2024,7,Internal,almost,Onsite,No,75,525
3912,242,6/1/2024,7,clienta,mother,Remote,Yes,45,315
3913,913,6/2/2024,8,Research,represent,Hybrid,No,60,480
3914,309,7/5/2024,9,Internal,job,Onsite,No,30,270
3915,607,8/20/2024,10,Research,certain,Remote,No,60,600
3916,285,10/15/2024,9,ProjectX,line,Onsite,Yes,30,270
3917,500,1/30/2025,7,CLIENT A,fall,Onsite,Yes,75,525
3918,868,12/16/2024,8,Internal,street,Remote,Yes,30,240
3919,993,10/12/2024,10,ClientA,surface,Hybrid,No,60,600
3920,262,11/20/2024,9,ClientA,land,Remote,No,60,540
3921,559,1/18/2024,8,CLIENT A,place,Hybrid,Yes,60,480
3922,722,8/29/2025,7,ProjectX,stay,Hybrid,Yes,45,315
3923,461,5/29/2025,7,CLIENT A,authority,Hybrid,No,75,525
3924,717,8/14/2024,7,Research,unit,Remote,Yes,60,420
3925,194,1/16/2024,8,ClientA,each,Remote,Yes,60,480
3926,385,12/16/2024,7,CLIENT A,read,Onsite,Yes,30,210
3927,181,1/3/2025,7,ProjectX,create,Onsite,No,60,420
3928,346,10/12/2025,8,ClientA,grow,Remote,Yes,30,240
3929,674,10/8/2025,9,ProjectX,scientist,Onsite,No,45,405
3930,29,9/3/2024,8,ClientA,available,Remote,Yes,45,360
3931,453,10/6/2025,7,Internal,nature,Hybrid,Yes,30,210
3932,925,2/24/2025,8,CLIENT A,direction,Remote,No,45,360
3933,416,9/15/2025,6,Internal,city,Hybrid,No,60,360
3934,285,10/23/2025,7,Research,management,Onsite,No,75,525
3935,19,8/19/2024,6,CLIENT A,edge,Hybrid,Yes,30,180
3936,1,6/19/2024,10,ProjectX,institution,Hybrid,Yes,60,600
3937,665,5/2/2025,7,Research,take,Hybrid,No,60,420
3938,409,6/24/2024,8,CLIENT A,star,Remote,Yes,30,240
3939,789,12/2/2024,9,Research,person,Remote,No,30,270
3940,921,10/8/2025,6,clienta,learn,Onsite,No,75,450
3941,406,8/24/2025,10,Research,station,Onsite,Yes,45,450
3942,817,9/29/2025,10,Internal,less,Onsite,No,45,450
3943,154,3/27/2024,8,Research,hair,Remote,No,60,480
3944,547,3/27/2024,6,clienta,skill,Hybrid,No,60,360
3945,58,5/23/2025,6,Internal,save,Remote,Yes,60,360
3946,508,11/15/2024,9,CLIENT A,order,Onsite,No,30,270
3947,320,1/30/2025,6,Internal,bit,Hybrid,Yes,75,450
3948,606,2/26/2024,10,CLIENT A,themselves,Onsite,No,30,300
3949,903,7/25/2025,9,CLIENT A,way,Hybrid,Yes,30,270
3950,81,12/7/2023,6,ProjectX,but,Onsite,No,30,180
3951,115,1/5/2025,8,CLIENT A,western,Hybrid,Yes,75,600
3952,459,12/7/2024,9,ProjectX,TRUE,Remote,Yes,45,405
3953,943,7/16/2025,8,Internal,officer,Onsite,Yes,45,360
3954,479,2/16/2025,9,ClientA,walk,Onsite,Yes,60,540
3955,129,9/22/2024,8,Internal,attorney,Onsite,No,75,600
3956,812,6/29/2024,8,CLIENT A,hour,Remote,No,45,360
3957,983,5/16/2024,6,ProjectX,often,Remote,No,60,360
3958,89,10/24/2024,7,Research,message,Hybrid,No,60,420
3959,69,6/26/2025,9,ProjectX,stage,Onsite,Yes,45,405
3960,484,8/13/2025,7,clienta,job,Hybrid,Yes,30,210
3961,138,6/8/2024,8,ProjectX,along,Remote,No,30,240
3962,310,8/9/2025,10,ProjectX,individual,Remote,No,75,750
3963,19,6/20/2024,9,Research,require,Hybrid,No,75,675
3964,431,12/14/2023,9,Research,during,Onsite,No,60,540
3965,317,11/4/2025,6,ClientA,accept,Remote,No,30,180
3966,885,2/18/2025,8,Internal,big,Onsite,Yes,60,480
3967,461,1/10/2025,7,CLIENT A,future,Hybrid,Yes,75,525
3968,644,5/31/2025,10,ClientA,section,Onsite,Yes,60,600
3969,250,10/3/2024,10,clienta,key,Hybrid,No,75,750
3970,462,11/28/2023,6,CLIENT A,sound,Hybrid,No,60,360
3971,288,11/28/2024,9,CLIENT A,prevent,Remote,Yes,30,270
3972,689,9/15/2025,7,ClientA,positive,Remote,No,75,525
3973,797,6/5/2024,6,Internal,air,Remote,No,60,360
3974,506,10/4/2025,6,ProjectX,professional,Onsite,No,60,360
3975,210,2/22/2025,9,clienta,brother,Onsite,Yes,75,675
3976,232,12/9/2023,6,ClientA,can,Onsite,No,75,450
3977,568,3/7/2024,10,Research,agency,Onsite,Yes,60,600
3978,191,8/17/2024,9,Research,director,Remote,Yes,30,270
3979,94,12/5/2023,8,Research,home,Remote,No,45,360
3980,416,6/29/2025,6,CLIENT A,discuss,Onsite,Yes,45,270
3981,46,10/27/2024,7,Internal,industry,Remote,Yes,75,525
3982,781,5/20/2025,10,clienta,camera,Onsite,Yes,30,300
3983,134,6/16/2024,8,CLIENT A,usually,Onsite,Yes,45,360
3984,380,2/27/2024,9,Internal,story,Remote,Yes,45,405
3985,147,2/13/2025,6,ProjectX,if,Remote,Yes,45,270
3986,892,6/2/2024,9,ClientA,rock,Onsite,Yes,75,675
3987,916,1/6/2024,6,ProjectX,hear,Onsite,Yes,60,360
3988,903,10/25/2025,8,CLIENT A,surface,Remote,Yes,75,600
3989,433,10/19/2024,8,CLIENT A,ago,Hybrid,Yes,30,240
3990,783,7/17/2024,7,Research,eight,Remote,Yes,60,420
3991,16,1/30/2024,10,clienta,himself,Onsite,No,45,450
3992,494,9/4/2024,9,Research,land,Hybrid,Yes,45,405
3993,550,11/17/2023,10,Research,series,Remote,No,75,750
3994,481,8/6/2024,10,clienta,certainly,Remote,Yes,75,750
3995,818,1/28/2025,8,Internal,issue,Hybrid,Yes,45,360
3996,409,7/17/2025,10,ClientA,remain,Remote,No,45,450
3997,851,1/28/2024,6,Research,hotel,Hybrid,No,60,360
3998,157,3/24/2025,10,ClientA,feel,Hybrid,Yes,45,450
3999,518,11/12/2024,7,Research,unit,Hybrid,Yes,45,315
4000,650,3/27/2025,8,ProjectX,strong,Remote,Yes,60,480
4001,310,10/17/2024,7,clienta,event,Onsite,Yes,60,420
4002,239,7/7/2025,9,ProjectX,ready,Onsite,Yes,45,405
4003,606,10/7/2024,8,ClientA,place,Hybrid,Yes,75,600
4004,69,12/23/2023,6,clienta,campaign,Onsite,No,60,360
4005,631,10/12/2024,6,Internal,sometimes,Remote,No,45,270
4006,412,3/4/2025,8,CLIENT A,pick,Onsite,No,30,240
4007,272,12/9/2024,8,CLIENT A,mother,Remote,No,45,360
4008,368,6/3/2024,6,CLIENT A,need,Onsite,Yes,75,450
4009,252,8/23/2024,9,ClientA,make,Hybrid,Yes,75,675
4010,38,4/28/2025,7,ProjectX,return,Onsite,No,60,420
4011,303,11/24/2023,6,Internal,defense,Remote,Yes,45,270
4012,419,12/1/2024,10,Internal,economy,Hybrid,Yes,60,600
4013,743,7/19/2024,9,Research,big,Onsite,No,75,675
4014,609,12/19/2024,7,CLIENT A,front,Remote,No,75,525
4015,992,8/31/2025,9,Research,alone,Hybrid,No,75,675
4016,22,8/19/2024,10,CLIENT A,number,Hybrid,No,75,750
4017,484,2/6/2024,7,clienta,every,Hybrid,No,30,210
4018,126,11/4/2025,10,ProjectX,his,Hybrid,No,75,750
4019,55,10/7/2025,7,Internal,always,Remote,No,75,525
4020,489,5/21/2025,7,ProjectX,first,Onsite,Yes,60,420
4021,831,6/12/2024,7,CLIENT A,son,Remote,No,45,315
4022,937,10/3/2025,7,CLIENT A,news,Remote,Yes,60,420
4023,23,6/10/2024,6,Internal,five,Remote,Yes,60,360
4024,189,5/11/2024,7,ClientA,stop,Remote,Yes,60,420
4025,747,10/24/2025,6,ClientA,strong,Onsite,Yes,75,450
4026,823,5/28/2025,7,CLIENT A,plant,Onsite,No,75,525
4027,270,4/24/2025,6,CLIENT A,performance,Remote,No,30,180
4028,20,12/28/2024,6,CLIENT A,memory,Onsite,Yes,45,270
4029,871,10/4/2024,8,ClientA,even,Hybrid,Yes,75,600
4030,144,2/19/2024,7,ProjectX,data,Remote,Yes,75,525
4031,883,3/22/2024,10,Research,cut,Remote,No,30,300
4032,899,6/7/2025,6,ProjectX,ever,Remote,No,45,270
4033,495,10/13/2025,10,clienta,subject,Hybrid,No,60,600
4034,94,10/3/2025,8,CLIENT A,carry,Onsite,Yes,60,480
4035,692,9/24/2024,10,CLIENT A,would,Onsite,Yes,60,600
4036,418,4/10/2025,8,Research,environmental,Remote,No,30,240
4037,586,3/19/2025,8,Research,box,Onsite,No,45,360
4038,637,2/11/2024,10,CLIENT A,move,Hybrid,Yes,30,300
4039,334,6/16/2025,10,ProjectX,west,Hybrid,No,75,750
4040,516,3/26/2024,7,Internal,Democrat,Remote,No,75,525
4041,269,11/27/2023,8,ProjectX,Congress,Hybrid,No,75,600
4042,888,11/25/2024,6,ProjectX,do,Hybrid,No,75,450
4043,848,2/7/2024,7,Internal,stage,Remote,No,30,210
4044,106,7/22/2024,9,Internal,always,Remote,No,60,540
4045,332,8/24/2024,8,CLIENT A,perhaps,Onsite,Yes,45,360
4046,507,5/4/2025,9,CLIENT A,number,Hybrid,Yes,75,675
4047,841,4/20/2025,9,Research,several,Remote,No,60,540
4048,943,6/15/2024,9,Internal,pattern,Onsite,No,60,540
4049,834,3/3/2024,10,Research,thousand,Onsite,No,60,600
4050,396,5/21/2025,9,ProjectX,that,Onsite,Yes,30,270
4051,592,4/27/2024,8,ClientA,network,Hybrid,No,75,600
4052,492,12/24/2023,10,CLIENT A,even,Hybrid,No,45,450
4053,990,6/21/2025,9,Internal,another,Remote,No,45,405
4054,624,9/26/2024,6,clienta,easy,Onsite,Yes,60,360
4055,615,11/20/2023,7,Internal,baby,Hybrid,No,75,525
4056,524,8/27/2024,6,CLIENT A,lawyer,Remote,No,75,450
4057,313,4/14/2025,9,clienta,decide,Remote,Yes,45,405
4058,546,4/27/2024,8,ProjectX,beat,Hybrid,Yes,60,480
4059,600,5/18/2025,7,clienta,job,Remote,Yes,30,210
4060,843,2/8/2024,6,Internal,out,Onsite,No,30,180
4061,47,11/11/2024,10,CLIENT A,not,Remote,No,45,450
4062,230,1/28/2024,9,clienta,operation,Remote,Yes,75,675
4063,422,10/25/2024,10,Research,serious,Onsite,Yes,60,600
4064,556,11/19/2023,9,clienta,image,Hybrid,Yes,30,270
4065,23,8/12/2024,6,ClientA,mother,Onsite,Yes,60,360
4066,434,5/2/2024,10,ClientA,great,Hybrid,No,75,750
4067,900,5/8/2025,9,Research,figure,Remote,No,60,540
4068,65,5/10/2024,10,CLIENT A,long,Hybrid,No,45,450
4069,560,8/21/2024,8,Research,performance,Remote,No,45,360
4070,341,2/26/2024,7,clienta,especially,Hybrid,No,60,420
4071,179,7/4/2024,7,ProjectX,boy,Hybrid,Yes,45,315
4072,679,8/24/2025,8,Internal,other,Hybrid,No,45,360
4073,19,11/3/2025,8,CLIENT A,control,Hybrid,No,45,360
4074,898,2/24/2024,8,Internal,color,Remote,No,75,600
4075,924,12/30/2023,6,ClientA,feeling,Hybrid,Yes,75,450
4076,367,2/9/2024,8,clienta,perhaps,Hybrid,No,30,240
4077,617,7/18/2024,9,ProjectX,people,Remote,No,30,270
4078,251,8/15/2024,6,ProjectX,feel,Hybrid,No,60,360
4079,77,1/13/2024,6,clienta,better,Onsite,Yes,75,450
4080,928,12/8/2023,9,ProjectX,affect,Remote,No,75,675
4081,91,12/17/2023,9,ClientA,still,Hybrid,Yes,60,540
4082,358,5/7/2025,10,Internal,turn,Onsite,Yes,75,750
4083,689,12/26/2024,8,ClientA,new,Remote,Yes,30,240
4084,907,11/26/2023,10,CLIENT A,performance,Remote,No,45,450
4085,915,5/1/2025,7,CLIENT A,factor,Remote,No,75,525
4086,781,4/10/2024,7,Research,career,Remote,Yes,75,525
4087,7,7/9/2025,8,ProjectX,sell,Hybrid,Yes,30,240
4088,715,4/19/2025,8,CLIENT A,result,Onsite,No,45,360
4089,196,3/11/2025,8,ProjectX,TRUE,Hybrid,Yes,75,600
4090,947,9/20/2025,10,clienta,one,Hybrid,Yes,60,600
4091,733,9/29/2024,9,clienta,nor,Remote,Yes,75,675
4092,299,11/2/2024,8,Research,state,Remote,No,60,480
4093,187,2/27/2025,9,Internal,treat,Onsite,No,45,405
4094,363,10/23/2025,9,ProjectX,individual,Remote,Yes,75,675
4095,947,4/19/2024,8,Research,around,Hybrid,Yes,60,480
4096,181,11/19/2023,10,Research,field,Remote,Yes,75,750
4097,848,6/2/2024,9,Research,phone,Onsite,No,30,270
4098,642,7/22/2025,8,CLIENT A,economic,Remote,No,45,360
4099,416,2/27/2025,10,ClientA,staff,Remote,No,60,600
4100,149,1/27/2024,8,clienta,upon,Hybrid,Yes,75,600
4101,523,4/2/2024,9,clienta,member,Remote,Yes,75,675
4102,628,7/14/2024,8,Research,standard,Onsite,Yes,60,480
4103,989,4/19/2024,9,ProjectX,common,Remote,Yes,75,675
4104,862,9/24/2024,6,CLIENT A,five,Hybrid,No,45,270
4105,1000,8/16/2024,7,clienta,likely,Onsite,Yes,60,420
4106,786,9/4/2025,8,ClientA,member,Remote,Yes,75,600
4107,451,10/22/2024,6,Research,color,Remote,No,75,450
4108,561,2/11/2025,9,CLIENT A,history,Hybrid,Yes,45,405
4109,290,3/12/2024,7,ClientA,hand,Hybrid,No,60,420
4110,938,5/9/2025,10,clienta,by,Remote,No,45,450
4111,74,1/13/2024,9,ProjectX,remember,Onsite,Yes,75,675
4112,398,10/14/2024,8,ClientA,claim,Hybrid,No,75,600
4113,265,3/26/2025,7,Internal,billion,Remote,No,45,315
4114,435,9/13/2024,7,clienta,number,Onsite,No,30,210
4115,38,5/30/2025,8,Research,out,Onsite,No,30,240
4116,822,9/5/2024,8,clienta,forward,Onsite,No,45,360
4117,631,10/3/2024,6,ProjectX,message,Hybrid,No,45,270
4118,376,6/19/2024,6,ClientA,thank,Remote,Yes,60,360
4119,905,7/11/2024,10,Internal,put,Remote,No,30,300
4120,912,2/11/2024,10,clienta,anything,Onsite,No,75,750
4121,485,3/18/2024,6,CLIENT A,more,Hybrid,Yes,30,180
4122,143,7/26/2025,6,Internal,still,Hybrid,Yes,60,360
4123,846,11/23/2024,9,Research,approach,Onsite,No,45,405
4124,522,7/18/2025,9,clienta,other,Hybrid,No,30,270
4125,245,4/16/2024,6,ProjectX,look,Remote,Yes,45,270
4126,949,11/17/2024,7,Research,out,Hybrid,Yes,30,210
4127,499,4/24/2024,8,clienta,others,Remote,Yes,45,360
4128,656,10/25/2025,10,CLIENT A,live,Remote,No,60,600
4129,800,12/13/2023,6,Research,part,Remote,Yes,60,360
4130,577,12/6/2023,9,ProjectX,able,Hybrid,Yes,60,540
4131,569,4/23/2025,6,Internal,option,Onsite,No,45,270
4132,672,1/11/2025,10,CLIENT A,would,Onsite,Yes,75,750
4133,621,5/14/2024,9,CLIENT A,short,Remote,No,60,540
4134,323,3/24/2024,7,Research,they,Remote,Yes,75,525
4135,258,2/11/2025,10,clienta,activity,Onsite,No,45,450
4136,56,8/14/2025,9,clienta,go,Hybrid,Yes,30,270
4137,861,7/29/2025,8,clienta,level,Hybrid,No,45,360
4138,826,2/5/2024,10,ClientA,newspaper,Hybrid,Yes,60,600
4139,783,3/27/2025,6,Internal,drug,Onsite,Yes,60,360
4140,363,1/31/2024,7,Research,physical,Hybrid,No,30,210
4141,179,8/28/2024,10,Research,certain,Onsite,Yes,75,750
4142,175,9/7/2024,9,CLIENT A,should,Hybrid,No,30,270
4143,290,4/15/2024,9,CLIENT A,staff,Remote,No,45,405
4144,706,11/29/2023,6,ProjectX,arm,Onsite,Yes,45,270
4145,771,8/16/2024,7,Research,car,Hybrid,No,60,420
4146,198,4/22/2025,9,clienta,answer,Onsite,No,45,405
4147,422,5/6/2025,7,CLIENT A,show,Remote,No,60,420
4148,189,5/31/2024,10,CLIENT A,civil,Hybrid,No,60,600
4149,869,6/24/2024,6,clienta,must,Onsite,Yes,75,450
4150,121,6/23/2025,9,clienta,student,Remote,Yes,30,270
4151,460,8/27/2024,10,CLIENT A,including,Remote,Yes,45,450
4152,11,3/17/2024,8,Research,much,Onsite,No,30,240
4153,186,3/19/2025,9,clienta,wind,Onsite,No,75,675
4154,206,7/19/2024,7,CLIENT A,never,Remote,Yes,30,210
4155,430,3/2/2025,10,Internal,couple,Onsite,Yes,75,750
4156,436,4/27/2024,10,Internal,poor,Onsite,No,45,450
4157,637,6/17/2024,9,clienta,forget,Remote,Yes,45,405
4158,896,9/27/2024,10,Research,every,Hybrid,Yes,60,600
4159,814,8/26/2025,9,CLIENT A,its,Onsite,Yes,30,270
4160,667,2/21/2024,6,ProjectX,across,Remote,Yes,60,360
4161,186,11/19/2024,10,ProjectX,writer,Remote,No,75,750
4162,582,4/16/2025,7,Internal,century,Onsite,No,60,420
4163,150,10/8/2024,10,ProjectX,technology,Hybrid,Yes,45,450
4164,802,3/28/2024,8,Internal,cause,Remote,No,60,480
4165,569,11/12/2024,9,Internal,western,Remote,No,30,270
4166,35,2/22/2025,6,ProjectX,could,Hybrid,No,60,360
4167,946,9/18/2024,6,Research,story,Hybrid,No,75,450
4168,910,1/25/2024,7,clienta,for,Remote,No,30,210
4169,786,8/25/2024,6,Internal,well,Hybrid,No,45,270
4170,370,3/21/2024,9,ProjectX,believe,Remote,Yes,75,675
4171,623,3/19/2024,9,CLIENT A,line,Onsite,Yes,30,270
4172,349,1/25/2024,7,Research,baby,Hybrid,No,45,315
4173,180,4/12/2025,6,ClientA,light,Hybrid,No,45,270
4174,185,1/9/2025,8,ProjectX,finish,Onsite,No,60,480
4175,89,4/23/2025,10,Research,throughout,Remote,Yes,45,450
4176,130,6/23/2025,7,Internal,case,Onsite,Yes,30,210
4177,515,2/18/2025,10,ProjectX,somebody,Remote,No,30,300
4178,530,9/20/2024,9,ProjectX,itself,Remote,Yes,75,675
4179,230,11/24/2024,7,Internal,whole,Hybrid,Yes,45,315
4180,251,1/30/2025,10,clienta,become,Hybrid,No,60,600
4181,277,5/6/2025,6,Internal,focus,Hybrid,Yes,60,360
4182,980,6/26/2024,9,clienta,none,Onsite,No,75,675
4183,425,9/13/2024,6,clienta,movement,Hybrid,Yes,30,180
4184,997,11/22/2023,9,CLIENT A,seem,Onsite,Yes,75,675
4185,104,2/4/2025,8,CLIENT A,professional,Hybrid,Yes,75,600
4186,445,5/25/2024,9,clienta,four,Remote,Yes,30,270
4187,109,9/21/2025,10,Research,issue,Onsite,No,60,600
4188,247,6/1/2024,9,Internal,people,Remote,Yes,45,405
4189,570,9/5/2025,8,clienta,community,Remote,Yes,45,360
4190,199,7/24/2025,7,Internal,sit,Onsite,Yes,45,315
4191,240,6/30/2025,6,Internal,father,Hybrid,No,45,270
4192,950,2/10/2025,8,ProjectX,special,Hybrid,Yes,30,240
4193,895,2/20/2025,7,Research,perhaps,Hybrid,No,30,210
4194,968,2/25/2025,7,Internal,list,Remote,Yes,45,315
4195,332,3/17/2025,9,ProjectX,class,Hybrid,Yes,75,675
4196,923,5/21/2024,6,CLIENT A,west,Remote,Yes,45,270
4197,405,6/14/2025,6,Research,husband,Hybrid,Yes,45,270
4198,856,2/22/2025,9,clienta,between,Remote,No,45,405
4199,441,8/29/2025,8,ProjectX,feel,Onsite,Yes,60,480
4200,180,8/15/2025,8,CLIENT A,poor,Remote,Yes,75,600
4201,645,12/29/2024,8,CLIENT A,I,Hybrid,Yes,30,240
4202,74,12/30/2024,8,ClientA,mouth,Hybrid,No,45,360
4203,943,5/11/2025,8,clienta,red,Onsite,Yes,75,600
4204,793,3/23/2024,8,ClientA,growth,Onsite,No,60,480
4205,43,1/8/2024,7,Research,too,Remote,No,60,420
4206,295,8/20/2024,10,Internal,moment,Hybrid,No,60,600
4207,436,2/18/2024,8,ProjectX,let,Remote,No,60,480
4208,313,4/15/2024,9,ClientA,consider,Remote,Yes,30,270
4209,922,5/30/2025,6,Research,occur,Remote,No,75,450
4210,271,5/16/2024,10,ClientA,world,Remote,Yes,75,750
4211,916,4/27/2025,7,Internal,sure,Remote,No,60,420
4212,66,10/25/2025,8,CLIENT A,can,Hybrid,Yes,30,240
4213,602,6/14/2024,10,Research,address,Onsite,Yes,45,450
4214,335,12/12/2023,6,Research,indicate,Remote,No,45,270
4215,915,10/22/2024,10,Internal,at,Remote,Yes,60,600
4216,698,12/3/2023,9,CLIENT A,above,Hybrid,Yes,60,540
4217,929,1/25/2024,9,ClientA,worry,Hybrid,No,60,540
4218,993,2/4/2024,6,ProjectX,show,Onsite,Yes,60,360
4219,233,5/24/2024,7,ClientA,she,Hybrid,No,45,315
4220,476,5/8/2025,10,Internal,success,Onsite,No,60,600
4221,999,8/13/2024,9,clienta,coach,Remote,Yes,45,405
4222,716,5/14/2025,10,Internal,home,Remote,No,75,750
4223,799,6/19/2024,6,CLIENT A,believe,Remote,Yes,60,360
4224,878,2/16/2024,8,ClientA,either,Onsite,Yes,30,240
4225,246,2/27/2025,10,ClientA,television,Onsite,No,60,600
4226,354,3/23/2025,10,clienta,focus,Remote,Yes,45,450
4227,300,4/22/2024,10,ProjectX,however,Hybrid,Yes,45,450
4228,451,4/22/2025,8,clienta,speech,Remote,Yes,30,240
4229,252,8/19/2024,10,ProjectX,color,Onsite,Yes,45,450
4230,605,2/26/2025,7,clienta,population,Hybrid,Yes,60,420
4231,286,10/2/2025,8,CLIENT A,wish,Hybrid,No,75,600
4232,128,10/27/2024,8,CLIENT A,health,Remote,Yes,30,240
4233,162,10/28/2025,8,Internal,only,Remote,No,30,240
4234,324,3/20/2025,8,Internal,Mrs,Onsite,Yes,60,480
4235,863,9/17/2025,10,CLIENT A,skill,Onsite,Yes,30,300
4236,985,3/28/2025,7,ProjectX,either,Onsite,No,45,315
4237,677,2/1/2025,6,clienta,painting,Hybrid,No,45,270
4238,367,9/24/2024,8,CLIENT A,if,Remote,Yes,60,480
4239,48,10/20/2024,9,clienta,all,Hybrid,Yes,75,675
4240,371,11/25/2023,7,clienta,less,Onsite,No,60,420
4241,131,4/13/2025,8,ClientA,morning,Onsite,Yes,30,240
4242,853,5/23/2025,6,ClientA,nothing,Onsite,No,60,360
4243,399,12/9/2024,6,ProjectX,explain,Remote,No,30,180
4244,594,4/13/2024,7,ClientA,response,Onsite,Yes,60,420
4245,773,4/16/2024,10,CLIENT A,century,Onsite,No,60,600
4246,99,8/12/2024,8,Research,all,Onsite,No,60,480
4247,338,2/15/2025,10,CLIENT A,good,Remote,No,60,600
4248,444,4/17/2025,8,ClientA,method,Onsite,Yes,60,480
4249,604,2/17/2025,6,ProjectX,year,Hybrid,Yes,75,450
4250,805,7/1/2024,9,ClientA,perform,Onsite,Yes,45,405
4251,755,10/20/2024,8,ClientA,almost,Onsite,No,75,600
4252,632,1/2/2024,6,clienta,require,Hybrid,Yes,45,270
4253,417,1/20/2024,8,Internal,without,Onsite,No,45,360
4254,826,3/4/2025,7,Research,process,Onsite,Yes,45,315
4255,894,11/12/2023,10,ProjectX,father,Onsite,No,75,750
4256,38,5/20/2024,8,clienta,reflect,Remote,No,75,600
4257,435,7/16/2025,6,Internal,produce,Hybrid,Yes,30,180
4258,977,10/19/2024,6,ProjectX,authority,Remote,Yes,45,270
4259,9,11/25/2023,8,ClientA,threat,Remote,Yes,60,480
4260,65,1/3/2024,10,ClientA,discussion,Onsite,No,30,300
4261,66,5/6/2025,10,ClientA,turn,Remote,Yes,60,600
4262,65,7/7/2025,7,Research,professor,Hybrid,Yes,30,210
4263,101,12/20/2024,10,Research,large,Onsite,No,75,750
4264,552,7/1/2025,7,clienta,sure,Hybrid,Yes,30,210
4265,708,4/13/2024,10,CLIENT A,team,Hybrid,No,45,450
4266,146,1/27/2025,10,Research,apply,Onsite,No,45,450
4267,852,6/6/2025,8,Research,out,Hybrid,Yes,30,240
4268,53,4/5/2024,6,Research,during,Remote,No,75,450
4269,484,2/15/2024,8,ProjectX,since,Remote,No,75,600
4270,243,7/20/2025,6,ClientA,your,Hybrid,Yes,30,180
4271,666,8/9/2024,8,Research,until,Onsite,Yes,75,600
4272,719,1/15/2025,7,ProjectX,brother,Remote,Yes,60,420
4273,7,4/16/2024,6,ProjectX,step,Remote,Yes,60,360
4274,361,4/12/2025,7,ClientA,audience,Onsite,Yes,30,210
4275,266,1/19/2024,10,Internal,effort,Remote,Yes,45,450
4276,732,7/20/2024,7,CLIENT A,serious,Hybrid,Yes,60,420
4277,850,6/23/2025,6,ProjectX,win,Remote,No,60,360
4278,829,12/29/2024,9,CLIENT A,indicate,Hybrid,Yes,60,540
4279,810,9/2/2025,7,Internal,often,Onsite,Yes,30,210
4280,65,2/29/2024,9,CLIENT A,television,Hybrid,Yes,45,405
4281,996,1/26/2024,7,ProjectX,crime,Remote,No,75,525
4282,344,1/16/2024,6,CLIENT A,somebody,Hybrid,No,60,360
4283,415,9/29/2025,8,ClientA,show,Onsite,Yes,30,240
4284,310,9/9/2024,7,clienta,power,Hybrid,No,75,525
4285,928,8/23/2025,6,ProjectX,start,Remote,Yes,45,270
4286,226,8/15/2024,6,ProjectX,writer,Hybrid,Yes,75,450
4287,209,6/15/2025,8,Internal,have,Remote,No,45,360
4288,443,8/8/2024,9,Research,senior,Hybrid,No,60,540
4289,534,7/31/2025,7,ProjectX,same,Remote,No,45,315
4290,66,6/16/2024,10,ProjectX,within,Remote,No,75,750
4291,994,7/12/2024,6,Research,meet,Remote,Yes,30,180
4292,193,8/10/2024,10,Research,fill,Remote,No,45,450
4293,333,10/28/2025,8,Research,person,Onsite,No,30,240
4294,418,6/10/2025,6,Internal,wonder,Onsite,No,30,180
4295,78,12/23/2024,7,Internal,couple,Onsite,Yes,60,420
4296,297,5/25/2025,8,ProjectX,employee,Remote,No,75,600
4297,997,10/28/2024,6,clienta,across,Remote,Yes,45,270
4298,830,8/7/2025,10,ClientA,production,Hybrid,Yes,75,750
4299,379,11/29/2023,9,clienta,environmental,Hybrid,Yes,30,270
4300,255,11/24/2023,7,clienta,meeting,Hybrid,No,45,315
4301,908,5/10/2025,9,Internal,skill,Remote,No,75,675
4302,42,5/8/2025,6,ProjectX,attention,Onsite,No,75,450
4303,907,5/23/2024,10,Research,manage,Hybrid,Yes,75,750
4304,230,10/4/2025,7,ClientA,husband,Remote,No,45,315
4305,772,11/10/2024,6,CLIENT A,until,Onsite,Yes,75,450
4306,929,2/7/2024,8,ProjectX,be,Remote,Yes,45,360
4307,94,5/1/2024,10,ProjectX,fine,Hybrid,No,45,450
4308,216,7/25/2024,9,clienta,camera,Remote,No,60,540
4309,68,7/10/2024,7,Internal,here,Hybrid,No,45,315
4310,87,5/1/2025,8,ProjectX,them,Onsite,No,45,360
4311,22,8/7/2024,9,CLIENT A,necessary,Remote,No,30,270
4312,233,9/19/2025,7,clienta,serve,Remote,Yes,45,315
4313,541,6/17/2024,6,clienta,somebody,Hybrid,No,75,450
4314,969,3/1/2024,7,ClientA,for,Remote,No,60,420
4315,388,8/9/2025,10,ClientA,list,Remote,No,45,450
4316,173,9/22/2025,9,ClientA,wide,Onsite,No,30,270
4317,543,9/20/2024,9,Research,assume,Remote,No,75,675
4318,861,9/18/2025,9,CLIENT A,will,Remote,Yes,75,675
4319,31,9/26/2024,10,CLIENT A,today,Onsite,No,30,300
4320,847,3/13/2024,8,ProjectX,discuss,Remote,No,30,240
4321,287,3/24/2024,6,ClientA,training,Onsite,Yes,45,270
4322,209,7/26/2025,6,ClientA,thus,Hybrid,No,45,270
4323,934,3/29/2024,8,CLIENT A,morning,Hybrid,No,30,240
4324,536,8/5/2025,6,Research,study,Hybrid,No,75,450
4325,193,6/16/2025,8,clienta,we,Hybrid,No,75,600
4326,806,7/26/2025,9,clienta,option,Hybrid,No,30,270
4327,239,12/25/2024,7,Research,whom,Onsite,No,75,525
4328,850,4/2/2024,10,clienta,start,Remote,No,75,750
4329,249,10/4/2025,8,clienta,almost,Hybrid,No,45,360
4330,881,11/21/2023,8,ProjectX,feeling,Hybrid,Yes,30,240
4331,452,3/19/2024,10,clienta,mouth,Onsite,Yes,30,300
4332,884,6/8/2024,10,ClientA,hot,Hybrid,Yes,75,750
4333,739,1/4/2025,10,CLIENT A,move,Hybrid,Yes,30,300
4334,996,10/21/2025,7,CLIENT A,deep,Hybrid,Yes,60,420
4335,505,7/1/2024,8,ClientA,oil,Remote,Yes,45,360
4336,300,4/21/2024,6,CLIENT A,meet,Remote,Yes,45,270
4337,283,3/21/2025,7,clienta,animal,Onsite,Yes,30,210
4338,492,10/21/2025,8,Research,improve,Onsite,No,60,480
4339,172,1/12/2024,7,ProjectX,score,Remote,No,60,420
4340,192,1/2/2024,8,ClientA,series,Onsite,Yes,75,600
4341,920,8/16/2024,6,ClientA,win,Remote,No,45,270
4342,132,11/12/2024,8,ClientA,movement,Remote,No,60,480
4343,457,7/22/2024,9,ClientA,figure,Hybrid,Yes,30,270
4344,840,6/29/2024,9,CLIENT A,full,Hybrid,Yes,75,675
4345,356,11/20/2023,6,Internal,information,Onsite,No,60,360
4346,774,8/26/2025,8,Research,day,Hybrid,Yes,30,240
4347,966,3/14/2025,6,CLIENT A,conference,Remote,Yes,45,270
4348,794,2/9/2024,9,clienta,eight,Onsite,No,60,540
4349,496,5/19/2025,7,CLIENT A,as,Remote,No,75,525
4350,857,9/19/2025,10,Research,subject,Onsite,Yes,60,600
4351,169,8/23/2024,8,ClientA,expert,Hybrid,Yes,30,240
4352,406,8/17/2025,6,clienta,arrive,Onsite,Yes,45,270
4353,695,7/17/2024,8,CLIENT A,avoid,Onsite,Yes,45,360
4354,141,8/22/2024,10,CLIENT A,my,Hybrid,Yes,75,750
4355,288,7/19/2025,9,ProjectX,attack,Hybrid,Yes,60,540
4356,525,1/31/2024,8,CLIENT A,thing,Remote,Yes,75,600
4357,540,1/27/2025,8,Research,change,Hybrid,Yes,60,480
4358,14,11/16/2023,6,ClientA,assume,Hybrid,No,30,180
4359,756,3/31/2024,8,ClientA,central,Remote,Yes,30,240
4360,500,5/31/2025,6,Internal,night,Onsite,No,75,450
4361,70,4/27/2025,10,clienta,rest,Onsite,No,60,600
4362,175,7/17/2025,6,clienta,money,Onsite,Yes,75,450
4363,179,6/6/2024,8,ProjectX,property,Onsite,Yes,30,240
4364,162,6/24/2024,7,Internal,goal,Hybrid,No,75,525
4365,489,10/4/2025,6,Internal,air,Remote,Yes,75,450
4366,683,10/30/2025,7,Internal,detail,Onsite,No,45,315
4367,3,10/22/2024,7,CLIENT A,movie,Hybrid,No,60,420
4368,234,2/26/2025,6,clienta,treatment,Onsite,No,30,180
4369,176,6/12/2024,9,ProjectX,network,Onsite,Yes,45,405
4370,956,2/16/2025,8,ClientA,idea,Hybrid,No,75,600
4371,997,12/24/2024,9,ClientA,start,Hybrid,Yes,75,675
4372,171,8/18/2025,6,CLIENT A,general,Hybrid,Yes,75,450
4373,717,1/25/2025,7,CLIENT A,every,Remote,No,45,315
4374,706,7/19/2025,8,clienta,box,Hybrid,Yes,30,240
4375,996,10/2/2024,6,ClientA,wait,Remote,No,30,180
4376,311,5/22/2024,6,ProjectX,language,Remote,No,60,360
4377,736,3/26/2025,8,ProjectX,radio,Hybrid,No,30,240
4378,638,10/21/2025,7,CLIENT A,if,Hybrid,No,60,420
4379,360,5/2/2024,9,CLIENT A,relate,Remote,Yes,45,405
4380,82,6/30/2025,6,clienta,college,Hybrid,No,75,450
4381,409,10/28/2025,7,Research,free,Hybrid,Yes,75,525
4382,251,3/28/2024,9,Internal,whatever,Remote,No,30,270
4383,539,9/28/2024,8,ClientA,foreign,Remote,Yes,75,600
4384,881,10/19/2024,7,Research,wear,Remote,No,45,315
4385,584,1/19/2025,6,Research,letter,Remote,Yes,75,450
4386,206,9/29/2025,9,CLIENT A,add,Hybrid,Yes,75,675
4387,58,3/22/2025,10,Research,try,Remote,No,30,300
4388,605,12/25/2023,8,Research,become,Onsite,Yes,75,600
4389,794,4/9/2025,6,clienta,pull,Remote,No,45,270
4390,182,8/20/2025,7,ProjectX,analysis,Onsite,No,30,210
4391,206,5/4/2024,9,CLIENT A,friend,Onsite,No,75,675
4392,514,6/6/2024,8,clienta,several,Hybrid,No,60,480
4393,646,11/6/2025,6,Internal,trouble,Hybrid,No,45,270
4394,865,7/4/2024,9,CLIENT A,put,Hybrid,No,45,405
4395,889,12/28/2024,8,clienta,test,Onsite,No,45,360
4396,595,5/23/2025,10,clienta,standard,Hybrid,Yes,75,750
4397,3,5/3/2025,8,CLIENT A,career,Hybrid,No,60,480
4398,708,5/9/2025,10,Research,issue,Onsite,No,45,450
4399,185,5/27/2024,7,clienta,main,Hybrid,Yes,30,210
4400,177,8/22/2024,8,CLIENT A,consumer,Hybrid,Yes,45,360
4401,385,12/6/2023,7,CLIENT A,scientist,Remote,No,60,420
4402,171,8/30/2025,8,clienta,race,Remote,No,60,480
4403,294,11/26/2024,10,Research,specific,Hybrid,No,75,750
4404,430,2/28/2024,10,ProjectX,behind,Remote,No,45,450
4405,618,9/27/2025,9,clienta,decision,Remote,Yes,45,405
4406,513,12/13/2024,8,ClientA,kitchen,Hybrid,No,75,600
4407,973,9/1/2024,6,ProjectX,visit,Remote,Yes,30,180
4408,512,6/22/2025,7,clienta,less,Onsite,No,45,315
4409,426,12/31/2024,7,ClientA,radio,Hybrid,Yes,75,525
4410,507,3/17/2025,6,Research,pick,Onsite,Yes,45,270
4411,223,9/22/2025,6,ClientA,what,Onsite,No,30,180
4412,467,11/25/2024,9,ClientA,agency,Remote,Yes,30,270
4413,173,9/9/2024,7,clienta,itself,Onsite,Yes,60,420
4414,263,2/15/2025,10,CLIENT A,generation,Remote,Yes,60,600
4415,249,9/12/2024,6,Research,prepare,Onsite,Yes,60,360
4416,20,4/27/2025,10,Research,half,Onsite,No,60,600
4417,705,7/27/2025,9,Research,together,Hybrid,Yes,45,405
4418,357,1/11/2025,8,ProjectX,south,Remote,No,60,480
4419,635,3/23/2025,8,Research,bag,Onsite,Yes,75,600
4420,902,3/8/2025,10,Research,charge,Onsite,Yes,60,600
4421,786,12/15/2024,7,Internal,carry,Hybrid,No,75,525
4422,553,5/14/2025,6,clienta,keep,Onsite,No,30,180
4423,926,1/8/2024,7,Research,political,Remote,No,60,420
4424,85,7/3/2025,8,clienta,kind,Remote,No,75,600
4425,505,4/8/2025,9,Research,usually,Hybrid,No,45,405
4426,150,10/8/2025,9,Internal,short,Onsite,No,60,540
4427,797,8/10/2024,7,ProjectX,personal,Remote,No,30,210
4428,583,1/21/2025,6,clienta,thousand,Onsite,No,60,360
4429,167,11/13/2024,8,CLIENT A,carry,Onsite,No,45,360
4430,157,4/25/2024,7,ProjectX,indicate,Remote,No,30,210
4431,29,10/8/2024,8,ClientA,various,Hybrid,No,75,600
4432,129,6/9/2024,6,CLIENT A,marriage,Onsite,Yes,75,450
4433,830,1/21/2025,10,Research,word,Hybrid,No,60,600
4434,860,1/22/2024,6,ProjectX,risk,Remote,Yes,45,270
4435,859,2/2/2025,7,CLIENT A,majority,Hybrid,No,45,315
4436,618,4/2/2024,9,clienta,bill,Remote,Yes,30,270
4437,743,10/12/2024,9,Internal,red,Remote,No,60,540
4438,994,5/20/2024,6,clienta,marriage,Hybrid,Yes,60,360
4439,187,8/21/2025,7,ProjectX,strategy,Remote,No,30,210
4440,915,8/26/2024,6,ClientA,anyone,Hybrid,Yes,75,450
4441,949,7/12/2025,10,clienta,general,Onsite,Yes,75,750
4442,720,11/30/2023,7,ClientA,stock,Onsite,Yes,60,420
4443,654,12/10/2023,7,Research,crime,Hybrid,Yes,60,420
4444,744,9/10/2024,6,ProjectX,build,Remote,Yes,45,270
4445,628,9/2/2025,10,CLIENT A,purpose,Hybrid,No,30,300
4446,778,5/3/2025,7,ProjectX,relationship,Onsite,No,60,420
4447,415,9/8/2024,9,CLIENT A,quickly,Remote,Yes,45,405
4448,887,11/7/2023,7,Research,hospital,Onsite,No,45,315
4449,281,1/9/2025,10,Internal,project,Remote,No,60,600
4450,24,1/29/2025,6,Internal,I,Remote,Yes,45,270
4451,418,12/4/2023,7,ClientA,act,Hybrid,No,45,315
4452,756,9/4/2024,7,CLIENT A,southern,Remote,Yes,45,315
4453,140,10/29/2025,10,CLIENT A,team,Onsite,Yes,30,300
4454,159,11/19/2024,8,clienta,know,Hybrid,No,75,600
4455,24,12/16/2023,6,ProjectX,bad,Hybrid,No,30,180
4456,135,4/20/2024,9,Internal,staff,Onsite,No,45,405
4457,929,7/16/2024,6,CLIENT A,summer,Hybrid,Yes,60,360
4458,814,11/20/2024,9,Internal,miss,Hybrid,Yes,45,405
4459,377,4/29/2024,6,CLIENT A,claim,Hybrid,No,75,450
4460,779,11/23/2023,9,Research,quite,Remote,Yes,60,540
4461,358,6/21/2024,9,CLIENT A,interesting,Onsite,Yes,75,675
4462,946,9/29/2024,6,Research,their,Onsite,Yes,75,450
4463,856,11/16/2024,8,Internal,art,Hybrid,No,60,480
4464,665,11/23/2023,10,ClientA,enjoy,Hybrid,Yes,30,300
4465,948,7/11/2024,10,ClientA,citizen,Onsite,Yes,45,450
4466,282,5/26/2025,9,clienta,think,Hybrid,No,30,270
4467,330,9/25/2024,9,CLIENT A,officer,Hybrid,No,75,675
4468,251,5/7/2024,7,ProjectX,area,Hybrid,No,75,525
4469,274,5/6/2025,7,Internal,difference,Onsite,Yes,60,420
4470,310,1/15/2025,9,Research,western,Hybrid,Yes,30,270
4471,46,9/11/2024,8,ClientA,national,Onsite,No,60,480
4472,178,12/9/2023,9,Research,term,Onsite,Yes,60,540
4473,786,7/12/2025,8,Research,work,Remote,No,75,600
4474,16,7/21/2024,10,CLIENT A,professional,Hybrid,No,30,300
4475,168,4/18/2025,10,ProjectX,thus,Hybrid,Yes,75,750
4476,738,5/18/2025,6,Internal,above,Hybrid,Yes,45,270
4477,453,5/19/2024,10,ClientA,me,Hybrid,No,30,300
4478,689,5/28/2025,10,Research,break,Remote,Yes,45,450
4479,587,7/15/2024,9,Internal,outside,Remote,Yes,75,675
4480,208,9/15/2024,7,clienta,situation,Remote,Yes,30,210
4481,514,8/20/2025,9,CLIENT A,significant,Hybrid,Yes,30,270
4482,195,4/16/2024,7,clienta,character,Hybrid,No,75,525
4483,53,1/10/2024,10,clienta,foot,Hybrid,No,60,600
4484,612,12/25/2023,8,Internal,house,Remote,No,45,360
4485,467,9/21/2024,9,CLIENT A,our,Hybrid,No,75,675
4486,907,11/7/2023,8,CLIENT A,class,Onsite,Yes,75,600
4487,604,10/20/2025,7,clienta,agency,Hybrid,No,45,315
4488,728,12/20/2024,9,Internal,college,Remote,Yes,60,540
4489,532,8/4/2024,9,ProjectX,red,Hybrid,Yes,60,540
4490,809,9/23/2024,6,Internal,size,Hybrid,Yes,30,180
4491,158,5/23/2024,10,ClientA,different,Onsite,Yes,30,300
4492,223,9/5/2024,7,clienta,stuff,Remote,Yes,45,315
4493,13,2/8/2024,8,Research,identify,Onsite,No,60,480
4494,866,1/9/2025,7,clienta,away,Onsite,Yes,30,210
4495,645,1/22/2024,8,ProjectX,notice,Onsite,Yes,75,600
4496,670,2/4/2025,6,Research,marriage,Remote,No,60,360
4497,521,11/25/2024,10,clienta,body,Onsite,No,45,450
4498,859,5/7/2025,8,ProjectX,respond,Remote,No,75,600
4499,110,2/9/2024,8,Research,institution,Remote,No,60,480
4500,227,3/14/2024,7,ClientA,again,Onsite,No,30,210
4501,889,8/24/2024,9,CLIENT A,none,Onsite,Yes,75,675
4502,876,3/28/2024,6,ClientA,day,Remote,Yes,75,450
4503,290,9/17/2024,9,ClientA,former,Onsite,No,30,270
4504,859,8/16/2025,8,CLIENT A,step,Onsite,No,60,480
4505,554,11/29/2024,7,ClientA,mind,Onsite,No,60,420
4506,399,7/15/2025,9,Internal,maintain,Onsite,No,30,270
4507,158,1/16/2025,9,Research,them,Remote,Yes,30,270
4508,891,12/31/2023,9,ClientA,situation,Hybrid,No,45,405
4509,206,7/20/2025,9,ClientA,business,Onsite,Yes,60,540
4510,589,1/24/2025,8,ProjectX,training,Onsite,Yes,30,240
4511,236,4/2/2024,10,Research,reality,Onsite,No,30,300
4512,931,4/27/2025,9,Research,rise,Hybrid,Yes,75,675
4513,177,8/12/2024,6,Research,significant,Hybrid,No,60,360
4514,545,9/10/2025,7,Internal,wait,Onsite,No,45,315
4515,424,4/9/2025,9,CLIENT A,notice,Hybrid,No,45,405
4516,745,2/13/2024,6,Research,arrive,Remote,No,75,450
4517,22,3/2/2025,7,ClientA,wife,Remote,No,75,525
4518,617,3/20/2024,8,ProjectX,fly,Onsite,Yes,30,240
4519,944,4/7/2024,10,Internal,remember,Remote,Yes,30,300
4520,119,8/21/2024,10,Internal,federal,Hybrid,Yes,75,750
4521,550,12/2/2024,8,CLIENT A,seem,Hybrid,No,45,360
4522,410,1/13/2024,10,CLIENT A,share,Onsite,No,30,300
4523,447,3/1/2024,8,Internal,head,Remote,No,75,600
4524,517,7/2/2024,7,Internal,well,Remote,Yes,45,315
4525,196,4/30/2025,6,CLIENT A,on,Remote,No,60,360
4526,765,3/25/2025,10,Research,wind,Remote,No,45,450
4527,482,4/8/2025,9,clienta,doctor,Onsite,No,30,270
4528,467,10/4/2025,8,ProjectX,significant,Remote,Yes,60,480
4529,470,10/23/2025,8,ClientA,condition,Onsite,No,75,600
4530,447,6/28/2024,7,clienta,medical,Onsite,Yes,75,525
4531,258,7/30/2024,9,Research,book,Hybrid,Yes,60,540
4532,686,9/16/2024,8,Internal,out,Hybrid,No,45,360
4533,325,5/19/2025,6,CLIENT A,important,Onsite,Yes,30,180
4534,391,4/25/2025,6,Research,culture,Onsite,No,45,270
4535,450,9/18/2025,8,CLIENT A,both,Remote,Yes,75,600
4536,797,6/25/2024,7,CLIENT A,perhaps,Hybrid,Yes,60,420
4537,523,4/16/2025,8,ClientA,these,Onsite,Yes,30,240
4538,316,5/18/2025,10,CLIENT A,discover,Onsite,No,45,450
4539,964,4/25/2025,10,ProjectX,thus,Onsite,Yes,30,300
4540,560,7/26/2025,8,Research,head,Onsite,No,30,240
4541,203,8/20/2024,10,ProjectX,still,Hybrid,Yes,45,450
4542,737,8/30/2024,6,ProjectX,big,Remote,No,30,180
4543,123,10/20/2024,7,clienta,detail,Remote,Yes,60,420
4544,921,4/7/2024,8,clienta,happen,Onsite,Yes,45,360
4545,646,11/16/2024,9,clienta,a,Onsite,No,45,405
4546,809,12/9/2024,9,clienta,clear,Hybrid,No,75,675
4547,956,2/29/2024,7,Research,cold,Hybrid,Yes,30,210
4548,119,4/28/2025,10,Internal,agree,Onsite,Yes,60,600
4549,384,7/2/2024,6,Research,land,Onsite,Yes,75,450
4550,657,1/2/2025,8,clienta,fund,Onsite,Yes,60,480
4551,346,4/1/2025,9,CLIENT A,live,Remote,No,60,540
4552,679,11/21/2023,8,Internal,most,Onsite,No,60,480
4553,701,9/25/2024,7,ClientA,reality,Remote,Yes,75,525
4554,186,8/2/2025,9,CLIENT A,maintain,Hybrid,No,45,405
4555,452,3/11/2024,8,Internal,visit,Remote,Yes,45,360
4556,9,4/22/2025,10,Internal,short,Hybrid,No,60,600
4557,860,4/26/2024,7,ClientA,test,Remote,Yes,60,420
4558,737,11/3/2025,6,Internal,turn,Onsite,No,30,180
4559,489,11/8/2023,7,Research,blood,Hybrid,Yes,75,525
4560,636,7/5/2024,8,Research,indeed,Onsite,Yes,75,600
4561,143,2/20/2024,6,Internal,commercial,Onsite,Yes,45,270
4562,441,6/18/2025,8,Research,include,Hybrid,Yes,45,360
4563,680,1/12/2025,9,ProjectX,program,Remote,No,30,270
4564,644,11/13/2023,8,Internal,although,Hybrid,No,75,600
4565,692,3/4/2024,9,Internal,successful,Onsite,No,45,405
4566,602,8/15/2025,10,ClientA,place,Remote,Yes,60,600
4567,231,11/25/2024,9,Internal,course,Onsite,Yes,45,405
4568,992,3/27/2025,8,ClientA,ago,Onsite,Yes,45,360
4569,90,7/2/2024,8,ProjectX,bar,Hybrid,Yes,75,600
4570,526,1/7/2025,10,CLIENT A,hear,Hybrid,Yes,60,600
4571,352,1/20/2025,8,ProjectX,pay,Remote,Yes,60,480
4572,444,2/22/2024,8,ClientA,see,Remote,Yes,45,360
4573,248,6/27/2024,6,ProjectX,event,Onsite,No,60,360
4574,31,2/13/2025,9,clienta,before,Remote,Yes,30,270
4575,634,8/27/2024,8,Internal,especially,Hybrid,Yes,45,360
4576,13,3/23/2025,6,clienta,television,Hybrid,Yes,60,360
4577,163,6/12/2024,9,ClientA,traditional,Hybrid,Yes,60,540
4578,258,3/14/2024,10,ProjectX,treat,Onsite,No,75,750
4579,11,6/10/2025,6,Research,dark,Onsite,Yes,45,270
4580,85,11/5/2025,8,CLIENT A,so,Hybrid,Yes,45,360
4581,688,6/7/2025,7,Internal,pay,Remote,No,60,420
4582,81,4/29/2025,9,ProjectX,together,Onsite,No,60,540
4583,195,11/4/2025,10,ClientA,two,Hybrid,No,60,600
4584,438,11/19/2024,10,Research,dream,Onsite,No,30,300
4585,620,12/31/2024,7,clienta,despite,Hybrid,Yes,60,420
4586,845,10/24/2024,7,Research,her,Hybrid,No,30,210
4587,161,6/10/2025,8,Research,mission,Onsite,Yes,75,600
4588,490,4/2/2024,7,CLIENT A,heavy,Onsite,Yes,75,525
4589,321,5/10/2025,7,Internal,another,Onsite,Yes,60,420
4590,508,5/28/2025,10,ProjectX,control,Hybrid,Yes,30,300
4591,598,2/17/2025,9,CLIENT A,identify,Hybrid,Yes,45,405
4592,831,3/20/2024,7,CLIENT A,forward,Onsite,No,75,525
4593,83,9/20/2024,8,ProjectX,them,Onsite,Yes,60,480
4594,289,4/16/2025,7,CLIENT A,hour,Remote,No,75,525
4595,73,9/24/2024,8,ClientA,development,Remote,Yes,75,600
4596,826,10/13/2024,10,clienta,protect,Hybrid,Yes,60,600
4597,108,3/4/2024,8,CLIENT A,population,Remote,No,60,480
4598,485,6/23/2024,7,ProjectX,physical,Remote,Yes,45,315
4599,221,7/23/2024,10,Internal,knowledge,Remote,Yes,30,300
4600,226,5/26/2024,10,CLIENT A,major,Hybrid,Yes,30,300
4601,695,8/12/2025,10,clienta,attention,Onsite,Yes,75,750
4602,516,12/3/2023,9,CLIENT A,light,Remote,Yes,45,405
4603,274,6/8/2025,8,CLIENT A,sign,Remote,No,60,480
4604,606,9/22/2024,7,CLIENT A,form,Hybrid,No,75,525
4605,702,8/28/2024,6,Internal,which,Remote,No,45,270
4606,508,11/8/2024,7,CLIENT A,hit,Remote,Yes,45,315
4607,951,8/17/2024,8,Research,change,Onsite,No,30,240
4608,440,7/6/2025,8,Research,his,Remote,No,30,240
4609,908,5/3/2024,9,CLIENT A,whom,Hybrid,No,75,675
4610,460,6/13/2024,6,CLIENT A,represent,Hybrid,No,60,360
4611,708,1/5/2024,10,ClientA,act,Hybrid,Yes,30,300
4612,359,8/10/2024,7,Internal,foot,Onsite,Yes,75,525
4613,607,6/13/2025,7,Research,agency,Hybrid,Yes,45,315
4614,986,6/15/2025,8,ClientA,table,Hybrid,No,30,240
4615,514,5/14/2025,6,Research,at,Onsite,No,60,360
4616,237,4/6/2024,10,ProjectX,table,Hybrid,No,30,300
4617,430,7/22/2025,6,clienta,short,Remote,No,45,270
4618,119,10/9/2025,10,CLIENT A,popular,Onsite,No,75,750
4619,256,5/28/2025,6,CLIENT A,tonight,Onsite,Yes,75,450
4620,139,9/24/2024,6,CLIENT A,big,Hybrid,No,30,180
4621,1,4/24/2025,8,clienta,born,Hybrid,No,75,600
4622,957,5/16/2025,7,ProjectX,spend,Remote,Yes,30,210
4623,896,5/4/2025,6,Research,occur,Remote,Yes,75,450
4624,867,10/10/2025,10,ProjectX,adult,Remote,Yes,60,600
4625,781,10/24/2025,9,Research,course,Onsite,No,30,270
4626,270,4/28/2024,10,ProjectX,wish,Onsite,No,45,450
4627,354,8/1/2024,7,Internal,contain,Remote,No,30,210
4628,541,9/7/2025,8,ClientA,answer,Onsite,No,60,480
4629,208,1/10/2024,6,CLIENT A,discussion,Onsite,No,30,180
4630,182,9/25/2024,9,Research,what,Onsite,Yes,30,270
4631,104,4/24/2024,7,Internal,ground,Onsite,No,45,315
4632,187,2/21/2025,9,ProjectX,knowledge,Hybrid,Yes,30,270
4633,963,9/9/2025,6,Internal,pattern,Hybrid,Yes,30,180
4634,739,5/9/2025,7,clienta,no,Hybrid,Yes,75,525
4635,586,4/23/2024,10,Research,history,Remote,Yes,45,450
4636,197,3/29/2025,7,Internal,perform,Hybrid,No,75,525
4637,825,10/24/2024,9,ClientA,then,Onsite,Yes,75,675
4638,234,11/9/2024,8,CLIENT A,box,Onsite,No,75,600
4639,729,8/30/2025,6,Research,owner,Remote,Yes,75,450
4640,488,6/4/2025,6,Research,into,Remote,No,75,450
4641,628,8/2/2024,7,ProjectX,simple,Onsite,No,30,210
4642,537,8/10/2025,10,clienta,form,Hybrid,No,60,600
4643,426,8/9/2025,6,Research,beat,Hybrid,No,45,270
4644,288,7/22/2025,10,CLIENT A,feeling,Onsite,Yes,75,750
4645,372,1/9/2024,8,Research,girl,Hybrid,No,45,360
4646,740,3/2/2025,6,Research,hit,Hybrid,Yes,30,180
4647,318,12/23/2023,8,CLIENT A,material,Remote,No,30,240
4648,997,11/23/2024,8,clienta,rather,Remote,No,60,480
4649,301,12/31/2024,8,ClientA,black,Onsite,Yes,30,240
4650,705,4/23/2025,9,clienta,newspaper,Onsite,No,30,270
4651,544,11/9/2023,8,ProjectX,sister,Hybrid,Yes,45,360
4652,134,3/28/2025,7,Research,southern,Onsite,Yes,75,525
4653,160,6/13/2025,7,Internal,answer,Onsite,Yes,45,315
4654,191,10/16/2024,10,CLIENT A,page,Remote,Yes,30,300
4655,873,6/22/2024,9,CLIENT A,set,Hybrid,No,45,405
4656,152,7/14/2025,7,ProjectX,skill,Onsite,No,45,315
4657,88,12/31/2023,9,ProjectX,generation,Remote,No,60,540
4658,318,7/27/2024,10,ProjectX,meeting,Onsite,Yes,60,600
4659,210,10/24/2024,9,Internal,rise,Hybrid,No,45,405
4660,191,2/10/2024,9,ClientA,music,Remote,Yes,75,675
4661,933,8/5/2024,8,ClientA,move,Hybrid,No,30,240
4662,881,1/2/2024,6,Research,them,Onsite,No,30,180
4663,43,9/12/2025,9,Internal,whether,Onsite,Yes,75,675
4664,475,3/18/2024,9,clienta,expert,Onsite,Yes,45,405
4665,414,6/30/2024,6,CLIENT A,deal,Onsite,No,60,360
4666,914,6/20/2024,7,ClientA,mission,Remote,No,45,315
4667,987,12/24/2024,9,Research,provide,Onsite,No,60,540
4668,39,5/7/2025,6,clienta,want,Hybrid,No,60,360
4669,575,11/13/2023,10,ClientA,career,Remote,Yes,60,600
4670,199,12/23/2024,10,Research,water,Onsite,No,30,300
4671,548,11/9/2024,7,ProjectX,hand,Onsite,No,60,420
4672,691,2/18/2025,9,Research,sister,Hybrid,No,30,270
4673,332,11/10/2024,6,ProjectX,indeed,Onsite,Yes,30,180
4674,617,3/5/2024,9,ProjectX,best,Remote,No,30,270
4675,686,3/19/2024,10,CLIENT A,tree,Hybrid,No,60,600
4676,218,12/18/2024,7,Research,significant,Remote,Yes,30,210
4677,570,7/31/2025,7,Internal,stay,Onsite,Yes,45,315
4678,565,10/28/2024,9,CLIENT A,response,Onsite,Yes,30,270
4679,973,4/9/2025,7,ClientA,surface,Onsite,No,45,315
4680,568,8/8/2024,9,clienta,deal,Remote,Yes,75,675
4681,365,6/1/2025,7,ClientA,establish,Hybrid,Yes,75,525
4682,912,12/3/2023,8,clienta,see,Onsite,No,75,600
4683,651,10/17/2025,8,CLIENT A,sign,Remote,Yes,75,600
4684,368,1/31/2025,8,ProjectX,easy,Remote,No,30,240
4685,849,4/29/2025,10,ClientA,range,Remote,No,30,300
4686,178,12/27/2024,8,clienta,face,Remote,Yes,30,240
4687,696,4/26/2024,8,ClientA,star,Hybrid,No,60,480
4688,543,8/6/2025,7,ClientA,mention,Hybrid,No,60,420
4689,931,4/20/2024,6,Research,both,Hybrid,No,30,180
4690,24,9/8/2024,10,ProjectX,hair,Remote,No,30,300
4691,879,12/27/2023,7,ProjectX,good,Onsite,Yes,60,420
4692,317,1/18/2024,9,ClientA,person,Hybrid,Yes,75,675
4693,250,3/27/2024,8,Research,final,Hybrid,Yes,60,480
4694,40,10/15/2025,7,Internal,sometimes,Remote,No,75,525
4695,309,9/30/2025,9,CLIENT A,return,Hybrid,No,75,675
4696,101,8/16/2025,7,ProjectX,shake,Onsite,Yes,30,210
4697,347,7/16/2025,10,clienta,today,Hybrid,No,45,450
4698,701,5/30/2024,10,Research,per,Onsite,Yes,75,750
4699,65,11/23/2023,7,ProjectX,ever,Hybrid,No,30,210
4700,336,5/23/2025,10,CLIENT A,already,Onsite,Yes,30,300
4701,373,12/1/2024,9,Research,measure,Remote,Yes,45,405
4702,996,3/3/2025,10,ClientA,tax,Hybrid,No,45,450
4703,65,6/23/2024,9,ProjectX,court,Onsite,No,30,270
4704,712,10/5/2025,8,ClientA,truth,Remote,No,45,360
4705,68,8/30/2025,10,Research,special,Hybrid,Yes,30,300
4706,973,6/16/2024,7,ProjectX,detail,Onsite,Yes,45,315
4707,510,6/16/2025,7,Research,work,Onsite,No,75,525
4708,628,3/3/2024,6,CLIENT A,involve,Hybrid,Yes,75,450
4709,881,10/29/2024,9,Research,Republican,Hybrid,No,60,540
4710,812,7/12/2025,8,clienta,nothing,Onsite,No,60,480
4711,219,10/25/2024,9,ClientA,about,Onsite,No,60,540
4712,655,4/30/2025,9,Research,hot,Remote,No,60,540
4713,114,4/22/2024,10,Internal,even,Remote,No,30,300
4714,689,2/10/2024,8,CLIENT A,rather,Hybrid,Yes,60,480
4715,566,2/5/2024,10,Internal,quite,Onsite,No,30,300
4716,815,9/29/2025,8,Internal,official,Remote,Yes,30,240
4717,640,10/18/2024,8,CLIENT A,early,Onsite,No,30,240
4718,176,7/3/2024,7,ClientA,military,Hybrid,Yes,75,525
4719,773,12/21/2023,6,Research,trial,Onsite,No,45,270
4720,746,7/24/2024,7,ProjectX,model,Remote,No,30,210
4721,89,5/7/2025,6,Internal,rich,Onsite,Yes,30,180
4722,667,8/10/2025,10,Research,break,Onsite,No,60,600
4723,994,10/28/2024,9,Research,must,Onsite,No,60,540
4724,916,11/9/2023,10,CLIENT A,any,Hybrid,Yes,45,450
4725,406,5/23/2025,6,ClientA,much,Hybrid,No,45,270
4726,886,5/2/2024,10,ProjectX,story,Hybrid,No,45,450
4727,981,7/2/2024,7,Research,buy,Hybrid,Yes,60,420
4728,713,2/14/2025,9,ClientA,where,Remote,No,60,540
4729,861,9/22/2024,6,clienta,section,Remote,No,75,450
4730,780,1/12/2024,8,clienta,none,Hybrid,No,75,600
4731,877,8/4/2024,10,ClientA,join,Remote,Yes,45,450
4732,255,4/11/2025,6,Research,sign,Hybrid,Yes,60,360
4733,305,4/8/2024,10,Internal,speak,Remote,No,30,300
4734,930,12/9/2023,6,ClientA,and,Remote,No,30,180
4735,543,12/1/2023,9,clienta,walk,Remote,No,75,675
4736,360,3/29/2025,9,Research,stop,Hybrid,No,75,675
4737,646,2/13/2024,8,Internal,per,Remote,Yes,75,600
4738,76,2/19/2024,6,ClientA,sign,Hybrid,Yes,30,180
4739,582,10/15/2025,7,ClientA,voice,Hybrid,Yes,75,525
4740,588,9/8/2025,9,ClientA,charge,Onsite,Yes,75,675
4741,844,2/16/2025,7,clienta,focus,Onsite,Yes,45,315
4742,45,6/3/2024,7,Internal,military,Hybrid,Yes,60,420
4743,194,10/24/2024,9,ClientA,move,Onsite,No,60,540
4744,592,6/21/2025,8,ClientA,reflect,Remote,No,30,240
4745,246,5/14/2024,10,Research,write,Hybrid,No,45,450
4746,32,5/5/2025,10,Internal,according,Hybrid,Yes,75,750
4747,319,12/3/2024,6,CLIENT A,purpose,Remote,No,45,270
4748,254,3/14/2025,6,ClientA,have,Remote,No,60,360
4749,755,2/28/2025,9,Internal,week,Remote,Yes,30,270
4750,792,7/25/2024,10,Internal,firm,Onsite,No,60,600
4751,787,8/6/2024,9,CLIENT A,perhaps,Remote,Yes,30,270
4752,309,12/11/2024,7,CLIENT A,five,Onsite,Yes,60,420
4753,581,7/2/2024,8,Internal,hotel,Onsite,No,45,360
4754,120,5/20/2025,9,Research,compare,Remote,No,75,675
4755,417,4/4/2024,9,Research,thank,Hybrid,Yes,45,405
4756,578,9/17/2025,7,clienta,clearly,Onsite,Yes,30,210
4757,960,6/16/2025,6,CLIENT A,guess,Remote,Yes,75,450
4758,379,6/9/2025,7,Research,clearly,Remote,No,30,210
4759,108,6/3/2025,10,clienta,factor,Onsite,Yes,30,300
4760,671,8/30/2025,6,Internal,scene,Remote,No,45,270
4761,995,5/15/2024,8,Internal,south,Remote,Yes,45,360
4762,866,9/12/2024,9,clienta,bring,Remote,Yes,30,270
4763,407,1/1/2025,7,ClientA,single,Onsite,No,60,420
4764,976,5/15/2024,7,Research,hotel,Onsite,Yes,45,315
4765,189,9/5/2025,6,ProjectX,recognize,Onsite,No,45,270
4766,465,5/15/2024,10,clienta,table,Onsite,Yes,45,450
4767,103,12/15/2024,9,ProjectX,Republican,Hybrid,Yes,60,540
4768,149,3/20/2024,10,ClientA,hot,Onsite,Yes,45,450
4769,457,6/15/2025,9,CLIENT A,amount,Remote,Yes,75,675
4770,35,11/3/2024,7,Internal,arrive,Hybrid,Yes,45,315
4771,293,3/26/2024,8,ClientA,support,Remote,Yes,30,240
4772,882,7/7/2025,10,Internal,simple,Remote,Yes,30,300
4773,719,8/5/2024,7,ClientA,hotel,Hybrid,No,45,315
4774,287,6/3/2024,6,Internal,step,Onsite,No,60,360
4775,656,5/23/2025,10,ClientA,box,Remote,No,30,300
4776,177,5/28/2024,7,CLIENT A,door,Hybrid,No,60,420
4777,328,12/31/2023,7,clienta,manage,Onsite,No,30,210
4778,113,3/24/2025,8,Research,call,Onsite,Yes,30,240
4779,155,2/1/2024,7,CLIENT A,some,Remote,Yes,45,315
4780,408,9/5/2025,10,CLIENT A,watch,Remote,Yes,60,600
4781,241,12/17/2024,10,clienta,manager,Hybrid,Yes,75,750
4782,525,11/27/2024,9,Internal,a,Onsite,No,30,270
4783,804,3/27/2025,7,ProjectX,result,Hybrid,Yes,60,420
4784,377,11/12/2023,6,CLIENT A,century,Remote,No,75,450
4785,203,4/8/2025,6,Internal,mouth,Hybrid,Yes,75,450
4786,7,10/30/2024,10,clienta,themselves,Onsite,Yes,30,300
4787,674,7/20/2025,8,Internal,item,Remote,Yes,75,600
4788,569,4/25/2024,9,CLIENT A,miss,Onsite,Yes,30,270
4789,37,4/28/2025,9,ProjectX,serious,Hybrid,No,45,405
4790,171,5/29/2024,7,ProjectX,green,Remote,Yes,30,210
4791,930,1/25/2024,6,CLIENT A,travel,Onsite,Yes,45,270
4792,721,10/4/2024,7,Research,care,Onsite,Yes,75,525
4793,371,11/3/2025,8,ClientA,contain,Hybrid,No,60,480
4794,83,5/27/2025,8,Research,role,Onsite,No,45,360
4795,417,2/6/2024,9,clienta,believe,Onsite,Yes,45,405
4796,38,11/19/2024,10,clienta,song,Onsite,No,45,450
4797,106,8/8/2025,10,Internal,across,Remote,Yes,60,600
4798,565,11/9/2024,10,ProjectX,hit,Hybrid,Yes,75,750
4799,728,1/30/2025,6,Research,size,Hybrid,Yes,30,180
4800,996,9/20/2025,8,clienta,wait,Hybrid,No,30,240
4801,992,3/25/2025,8,Research,pick,Onsite,No,60,480
4802,315,10/11/2025,9,clienta,beautiful,Remote,Yes,45,405
4803,403,5/15/2025,7,ClientA,know,Hybrid,Yes,30,210
4804,224,11/25/2023,9,Research,road,Hybrid,Yes,75,675
4805,539,3/26/2025,10,clienta,situation,Hybrid,Yes,45,450
4806,511,6/12/2024,8,Research,difference,Onsite,No,45,360
4807,762,3/26/2025,9,ProjectX,bank,Onsite,No,30,270
4808,669,7/5/2025,10,Internal,wait,Hybrid,Yes,60,600
4809,218,11/16/2023,10,CLIENT A,station,Remote,No,30,300
4810,532,7/13/2025,10,CLIENT A,later,Hybrid,No,60,600
4811,898,12/4/2024,10,ProjectX,move,Hybrid,Yes,75,750
4812,93,10/22/2024,9,CLIENT A,stand,Onsite,Yes,45,405
4813,367,12/24/2023,10,clienta,beat,Remote,No,60,600
4814,727,9/19/2025,8,ClientA,fund,Remote,Yes,60,480
4815,256,12/31/2023,6,CLIENT A,be,Hybrid,Yes,30,180
4816,438,1/22/2024,10,ClientA,whatever,Hybrid,Yes,30,300
4817,762,6/9/2024,6,Internal,place,Onsite,Yes,30,180
4818,933,9/19/2024,8,Research,grow,Remote,No,45,360
4819,992,7/24/2024,10,ClientA,forward,Onsite,Yes,75,750
4820,4,11/4/2024,7,ClientA,spring,Remote,Yes,75,525
4821,490,1/20/2024,9,ProjectX,dream,Remote,Yes,45,405
4822,943,2/10/2025,7,Research,range,Remote,Yes,30,210
4823,308,3/2/2024,8,Research,off,Remote,No,75,600
4824,529,3/7/2025,7,Research,prove,Remote,Yes,60,420
4825,286,5/26/2024,7,Research,move,Onsite,No,30,210
4826,404,6/3/2024,8,clienta,recently,Onsite,No,60,480
4827,61,6/3/2025,6,ProjectX,analysis,Remote,Yes,45,270
4828,220,9/25/2024,6,ProjectX,behavior,Onsite,No,45,270
4829,296,8/2/2024,7,clienta,half,Remote,No,75,525
4830,442,2/9/2025,7,Internal,talk,Onsite,No,60,420
4831,900,1/20/2025,6,CLIENT A,current,Hybrid,No,60,360
4832,738,7/12/2025,9,CLIENT A,board,Onsite,Yes,75,675
4833,998,12/17/2024,9,ClientA,later,Hybrid,No,75,675
4834,693,7/30/2024,9,clienta,want,Onsite,Yes,45,405
4835,365,4/30/2024,6,Research,book,Hybrid,Yes,45,270
4836,664,2/25/2024,10,Research,not,Onsite,No,60,600
4837,841,12/6/2024,10,ClientA,nation,Hybrid,No,75,750
4838,409,2/3/2024,6,ProjectX,newspaper,Hybrid,Yes,75,450
4839,783,1/2/2024,8,ClientA,miss,Onsite,Yes,60,480
4840,328,1/13/2025,9,clienta,century,Onsite,No,75,675
4841,26,1/1/2024,8,ClientA,traditional,Remote,No,45,360
4842,536,3/16/2025,7,clienta,suggest,Hybrid,Yes,60,420
4843,728,9/1/2025,8,ClientA,right,Hybrid,Yes,60,480
4844,527,12/3/2024,10,Research,score,Remote,No,30,300
4845,369,10/7/2024,7,clienta,full,Hybrid,Yes,60,420
4846,703,9/23/2025,9,Internal,movement,Hybrid,No,75,675
4847,625,12/25/2024,8,CLIENT A,own,Remote,No,60,480
4848,80,2/13/2024,10,Research,strong,Hybrid,Yes,30,300
4849,340,5/19/2025,8,ClientA,eight,Remote,No,75,600
4850,759,6/3/2025,9,ClientA,spring,Remote,Yes,30,270
4851,401,3/30/2024,10,ClientA,full,Remote,Yes,75,750
4852,856,1/20/2024,10,Internal,hand,Onsite,No,30,300
4853,436,3/7/2024,9,ClientA,organization,Onsite,No,60,540
4854,60,1/8/2025,7,clienta,near,Hybrid,Yes,60,420
4855,212,6/4/2024,9,ProjectX,marriage,Remote,Yes,45,405
4856,550,1/27/2025,6,Internal,attack,Remote,Yes,30,180
4857,782,1/4/2024,8,Internal,life,Remote,No,45,360
4858,958,10/5/2024,7,ClientA,movement,Onsite,Yes,60,420
4859,778,3/11/2024,7,Research,next,Onsite,Yes,45,315
4860,888,9/3/2025,6,ClientA,fire,Hybrid,Yes,45,270
4861,518,12/1/2024,6,ProjectX,treat,Hybrid,Yes,30,180
4862,582,2/10/2024,7,Research,far,Hybrid,No,60,420
4863,39,3/29/2024,6,ProjectX,step,Remote,No,75,450
4864,908,7/1/2025,9,clienta,season,Onsite,No,30,270
4865,968,10/9/2025,8,Internal,media,Hybrid,Yes,30,240
4866,202,3/28/2024,7,Internal,very,Remote,Yes,45,315
4867,424,9/22/2024,10,Internal,entire,Remote,No,30,300
4868,933,3/16/2025,7,ProjectX,couple,Onsite,No,60,420
4869,481,8/19/2024,9,CLIENT A,employee,Hybrid,No,60,540
4870,294,2/6/2024,7,clienta,view,Remote,Yes,75,525
4871,719,1/20/2025,7,ClientA,type,Remote,No,45,315
4872,133,2/9/2024,9,Internal,lose,Onsite,No,75,675
4873,672,5/8/2024,8,Internal,drug,Hybrid,Yes,60,480
4874,887,5/16/2025,6,CLIENT A,size,Remote,No,30,180
4875,917,9/28/2024,6,ClientA,reflect,Onsite,Yes,30,180
4876,741,10/7/2024,8,Internal,doctor,Remote,Yes,45,360
4877,735,2/10/2024,10,CLIENT A,purpose,Onsite,Yes,75,750
4878,798,10/6/2024,9,Research,happy,Hybrid,No,45,405
4879,318,9/30/2025,8,ProjectX,all,Hybrid,No,45,360
4880,366,3/10/2025,9,ProjectX,rock,Hybrid,Yes,30,270
4881,24,4/1/2024,8,ProjectX,good,Remote,Yes,75,600
4882,559,8/16/2024,10,ProjectX,maybe,Hybrid,No,75,750
4883,394,1/13/2025,8,Internal,create,Hybrid,No,45,360
4884,212,6/3/2024,9,clienta,art,Remote,No,75,675
4885,234,12/28/2024,7,Research,hotel,Hybrid,Yes,75,525
4886,333,2/6/2025,6,clienta,section,Onsite,No,60,360
4887,680,5/22/2025,7,Research,moment,Onsite,No,75,525
4888,281,12/11/2024,10,clienta,figure,Remote,Yes,75,750
4889,545,10/12/2025,8,Research,ground,Hybrid,Yes,75,600
4890,82,8/31/2025,7,ProjectX,conference,Onsite,No,75,525
4891,240,3/31/2024,9,Research,people,Hybrid,Yes,75,675
4892,782,8/26/2024,9,Internal,eat,Remote,No,30,270
4893,309,9/16/2024,10,CLIENT A,election,Onsite,No,30,300
4894,672,9/3/2024,9,Research,approach,Onsite,No,75,675
4895,915,7/2/2025,8,Research,field,Onsite,Yes,30,240
4896,740,8/5/2025,7,Internal,military,Remote,No,30,210
4897,726,8/5/2024,7,ClientA,news,Hybrid,No,45,315
4898,293,7/2/2025,10,Internal,son,Onsite,Yes,45,450
4899,266,5/30/2024,6,Research,finish,Onsite,No,75,450
4900,574,6/13/2025,6,ProjectX,use,Hybrid,No,45,270
4901,943,3/8/2024,9,ClientA,little,Remote,No,45,405
4902,966,1/5/2025,8,Internal,success,Hybrid,Yes,60,480
4903,86,12/8/2024,10,clienta,not,Remote,No,45,450
4904,980,4/20/2025,10,CLIENT A,water,Remote,No,30,300
4905,523,9/19/2024,8,ClientA,send,Hybrid,Yes,75,600
4906,66,1/9/2024,7,CLIENT A,remain,Hybrid,Yes,75,525
4907,372,6/26/2024,8,CLIENT A,have,Hybrid,No,75,600
4908,863,6/20/2025,8,clienta,support,Hybrid,Yes,45,360
4909,332,9/24/2024,8,Research,would,Onsite,Yes,45,360
4910,356,10/24/2025,9,ClientA,TV,Onsite,No,75,675
4911,873,5/30/2025,8,clienta,writer,Remote,Yes,30,240
4912,109,5/4/2024,7,clienta,heart,Remote,No,75,525
4913,320,10/27/2024,10,clienta,beat,Remote,No,30,300
4914,460,4/1/2025,6,clienta,candidate,Remote,No,60,360
4915,366,7/18/2024,8,ClientA,operation,Remote,No,60,480
4916,646,4/22/2025,8,Internal,could,Hybrid,No,30,240
4917,578,5/7/2025,9,ProjectX,rich,Remote,Yes,75,675
4918,752,11/16/2023,8,ClientA,thus,Remote,No,30,240
4919,68,2/19/2025,8,CLIENT A,fine,Hybrid,No,75,600
4920,866,10/13/2024,8,Research,any,Onsite,Yes,30,240
4921,136,5/4/2024,10,Internal,when,Remote,No,60,600
4922,599,12/8/2024,8,Research,civil,Hybrid,Yes,60,480
4923,98,11/20/2024,10,Internal,central,Onsite,No,30,300
4924,284,3/30/2025,9,Research,woman,Remote,Yes,30,270
4925,386,2/18/2025,10,clienta,moment,Onsite,Yes,45,450
4926,837,12/16/2024,7,ClientA,must,Onsite,Yes,30,210
4927,639,9/7/2024,8,ClientA,two,Hybrid,No,30,240
4928,329,1/25/2024,10,ProjectX,affect,Hybrid,Yes,45,450
4929,431,1/30/2024,9,ClientA,letter,Hybrid,No,45,405
4930,126,4/9/2025,6,ProjectX,study,Hybrid,Yes,45,270
4931,126,1/15/2024,10,Research,physical,Onsite,Yes,60,600
4932,350,6/1/2024,10,ProjectX,medical,Onsite,Yes,45,450
4933,336,4/19/2025,7,CLIENT A,far,Onsite,No,30,210
4934,197,8/29/2024,7,CLIENT A,some,Hybrid,No,75,525
4935,550,4/16/2025,6,ProjectX,chance,Onsite,Yes,60,360
4936,665,9/29/2024,7,CLIENT A,smile,Hybrid,No,60,420
4937,449,4/19/2024,6,ClientA,with,Onsite,No,30,180
4938,164,12/21/2024,8,Internal,push,Onsite,No,75,600
4939,836,9/22/2025,7,CLIENT A,finish,Onsite,No,30,210
4940,433,9/2/2024,9,clienta,front,Onsite,No,30,270
4941,795,11/30/2024,9,Research,say,Onsite,Yes,30,270
4942,458,10/6/2024,10,Internal,south,Remote,Yes,30,300
4943,762,8/27/2025,7,ProjectX,mention,Remote,Yes,75,525
4944,503,4/16/2025,9,ClientA,expect,Onsite,No,45,405
4945,865,7/11/2025,9,CLIENT A,station,Hybrid,Yes,45,405
4946,611,1/1/2024,8,clienta,prepare,Onsite,Yes,45,360
4947,641,8/3/2025,9,Research,know,Hybrid,No,75,675
4948,907,12/5/2024,8,Internal,fill,Hybrid,No,45,360
4949,448,1/6/2024,6,CLIENT A,other,Onsite,Yes,60,360
4950,754,11/6/2024,7,ClientA,really,Onsite,No,30,210
4951,981,5/21/2024,7,Research,near,Remote,No,60,420
4952,122,7/28/2024,7,ProjectX,man,Hybrid,No,45,315
4953,731,4/27/2025,10,Internal,character,Onsite,Yes,45,450
4954,375,3/1/2024,8,CLIENT A,region,Hybrid,Yes,75,600
4955,383,5/5/2025,10,CLIENT A,contain,Remote,No,45,450
4956,164,4/23/2024,7,ProjectX,action,Remote,No,75,525
4957,774,10/23/2025,7,Research,meeting,Remote,Yes,75,525
4958,217,6/12/2025,10,ClientA,blood,Onsite,Yes,30,300
4959,724,3/7/2025,8,ClientA,bar,Remote,Yes,75,600
4960,549,2/15/2025,6,CLIENT A,vote,Hybrid,Yes,60,360
4961,27,10/25/2025,10,CLIENT A,indeed,Remote,No,45,450
4962,535,7/9/2025,10,Internal,seek,Remote,No,45,450
4963,928,1/25/2024,9,clienta,thank,Remote,No,60,540
4964,205,11/26/2023,8,CLIENT A,teach,Onsite,No,30,240
4965,311,8/31/2024,10,Internal,conference,Remote,Yes,60,600
4966,947,4/24/2024,9,ClientA,travel,Onsite,Yes,60,540
4967,799,2/27/2025,9,Internal,against,Hybrid,No,45,405
4968,479,1/2/2024,7,ClientA,data,Remote,No,30,210
4969,281,10/17/2025,7,ClientA,forget,Hybrid,Yes,60,420
4970,665,12/5/2023,8,ClientA,offer,Remote,No,45,360
4971,238,4/13/2025,8,Research,body,Hybrid,Yes,75,600
4972,167,6/17/2024,7,ProjectX,across,Hybrid,Yes,75,525
4973,263,3/5/2024,8,ProjectX,future,Remote,Yes,60,480
4974,468,8/22/2024,8,Research,plan,Onsite,Yes,30,240
4975,365,3/21/2025,10,ProjectX,better,Remote,No,75,750
4976,288,3/2/2025,9,clienta,whole,Remote,No,75,675
4977,738,5/5/2025,6,Research,father,Hybrid,Yes,60,360
4978,796,4/3/2025,7,clienta,question,Remote,Yes,30,210
4979,591,7/28/2024,6,Research,language,Hybrid,No,60,360
4980,127,1/16/2024,7,ClientA,begin,Remote,No,75,525
4981,977,2/23/2025,9,clienta,discover,Onsite,No,75,675
4982,367,4/12/2025,9,ProjectX,address,Remote,Yes,60,540
4983,3,8/16/2025,9,CLIENT A,focus,Hybrid,No,75,675
4984,294,7/6/2024,7,clienta,billion,Onsite,Yes,60,420
4985,953,11/1/2024,8,ClientA,perform,Remote,No,60,480
4986,944,11/13/2023,9,Internal,can,Remote,Yes,30,270
4987,545,1/11/2024,8,CLIENT A,TRUE,Remote,No,60,480
4988,546,3/12/2024,6,Research,especially,Remote,Yes,60,360
4989,48,7/1/2024,7,ProjectX,language,Hybrid,No,45,315
4990,252,9/14/2025,7,ClientA,sit,Hybrid,No,30,210
4991,10,4/20/2024,6,Internal,nearly,Onsite,No,30,180
4992,106,5/5/2025,7,ClientA,wish,Remote,No,45,315
4993,835,11/2/2025,9,clienta,point,Remote,Yes,75,675
4994,623,3/24/2025,6,clienta,will,Onsite,No,75,450
4995,80,8/27/2024,9,Research,pretty,Onsite,Yes,75,675
4996,344,7/27/2024,8,Internal,middle,Hybrid,No,75,600
4997,652,7/15/2024,7,Research,seem,Hybrid,Yes,45,315
4998,134,6/4/2024,8,Internal,lawyer,Remote,Yes,45,360
4999,106,6/22/2024,6,ProjectX,such,Onsite,Yes,45,270
5000,2,10/9/2025,9,CLIENT A,west,Remote,Yes,30,270
